OverallQual,GrLivArea,YearBuilt,YearRemodAdd,TotalBsmtSF,GarageCars,FullBath,LotArea,Neighborhood,HouseStyle,ExterQual,KitchenQual,CentralAir,GarageType,SalePrice
7,1710,2003,2003,856,2,2,8450,CollgCr,2Story,Gd,Gd,Y,Attchd,208500
6,1262,1976,1976,1262,2,2,9600,Veenker,1Story,TA,TA,Y,Attchd,181500
7,1786,2001,2002,920,2,2,11250,CollgCr,2Story,Gd,Gd,Y,Attchd,223500
7,1717,1915,1970,756,3,1,9550,Crawfor,2Story,TA,Gd,Y,Detchd,140000
8,2198,2000,2000,1145,3,2,14260,NoRidge,2Story,Gd,Gd,Y,Attchd,250000
5,1362,1993,1995,796,2,1,14115,Mitchel,1.5Fin,TA,TA,Y,Attchd,143000
8,1694,2004,2005,1686,2,2,10084,Somerst,1Story,Gd,Gd,Y,Attchd,307000
7,2090,1973,1973,1107,2,2,10382,NWAmes,2Story,TA,TA,Y,Attchd,200000
7,1774,1931,1950,952,2,2,6120,OldTown,1.5Fin,TA,TA,Y,Detchd,129900
5,1077,1939,1950,991,1,1,7420,BrkSide,1.5Unf,TA,TA,Y,Attchd,118000
5,1040,1965,1965,1040,1,1,11200,Sawyer,1Story,TA,TA,Y,Detchd,129500
9,2324,2005,2006,1175,3,3,11924,NridgHt,2Story,Ex,Ex,Y,BuiltIn,345000
5,912,1962,1962,912,1,1,12968,Sawyer,1Story,TA,TA,Y,Detchd,144000
7,1494,2006,2007,1494,3,2,10652,CollgCr,1Story,Gd,Gd,Y,Attchd,279500
6,1253,1960,1960,1253,1,1,10920,NAmes,1Story,TA,TA,Y,Attchd,157000
7,854,1929,2001,832,2,1,6120,BrkSide,1.5Unf,TA,TA,Y,Detchd,132000
6,1004,1970,1970,1004,2,1,11241,NAmes,1Story,TA,TA,Y,Attchd,149000
4,1296,1967,1967,0,2,2,10791,Sawyer,1Story,TA,TA,Y,CarPort,90000
5,1114,2004,2004,1114,2,1,13695,SawyerW,1Story,TA,Gd,Y,Detchd,159000
5,1339,1958,1965,1029,1,1,7560,NAmes,1Story,TA,TA,Y,Attchd,139000
8,2376,2005,2006,1158,3,3,14215,NridgHt,2Story,Gd,Gd,Y,BuiltIn,325300
7,1108,1930,1950,637,1,1,7449,IDOTRR,1.5Unf,TA,Gd,Y,Attchd,139400
8,1795,2002,2002,1777,2,2,9742,CollgCr,1Story,Gd,Gd,Y,Attchd,230000
5,1060,1976,1976,1040,2,1,4224,MeadowV,1Story,TA,TA,Y,Attchd,129900
5,1060,1968,2001,1060,1,1,8246,Sawyer,1Story,TA,Gd,Y,Attchd,154000
8,1600,2007,2007,1566,3,2,14230,NridgHt,1Story,Gd,Gd,Y,Attchd,256300
5,900,1951,2000,900,2,1,7200,NAmes,1Story,TA,Gd,Y,Detchd,134800
8,1704,2007,2008,1704,3,2,11478,NridgHt,1Story,Gd,Gd,Y,Attchd,306000
5,1600,1957,1997,1484,1,1,16321,NAmes,1Story,TA,TA,Y,Attchd,207500
4,520,1927,1950,520,1,1,6324,BrkSide,1Story,TA,Fa,N,Detchd,68500
4,1317,1920,1950,649,1,1,8500,IDOTRR,2Story,TA,TA,N,Detchd,40000
5,1228,1966,2006,1228,1,1,8544,Sawyer,1Story,TA,Gd,Y,Attchd,149350
8,1234,2007,2007,1234,2,2,11049,CollgCr,1Story,Gd,Gd,Y,Attchd,179900
5,1700,1959,1959,1398,2,1,10552,NAmes,1Story,TA,Gd,Y,Attchd,165500
9,1561,2005,2005,1561,2,2,7313,NridgHt,1Story,Ex,Ex,Y,Attchd,277500
8,2452,2004,2005,1117,3,3,13418,NridgHt,2Story,Gd,Gd,Y,BuiltIn,309000
5,1097,1994,1995,1097,2,1,10859,CollgCr,1Story,TA,TA,Y,Attchd,145000
5,1297,1954,1990,1297,2,1,8532,NAmes,1Story,TA,TA,Y,Attchd,153000
5,1057,1953,2007,1057,1,1,7922,NAmes,1Story,TA,Gd,Y,Detchd,109000
4,1152,1955,1955,0,0,2,6040,Edwards,1Story,TA,Fa,N,,82000
6,1324,1965,1965,1088,2,2,8658,NAmes,1Story,TA,TA,Y,Attchd,160000
5,1328,1959,1959,1350,1,1,16905,Timber,1Story,TA,TA,Y,Attchd,170000
5,884,1983,1983,840,2,1,9180,SawyerW,SFoyer,TA,Gd,Y,Attchd,144000
5,938,1975,1980,938,1,1,9200,CollgCr,1Story,TA,TA,Y,Detchd,130250
5,1150,1959,1959,1150,1,1,7945,NAmes,1Story,TA,TA,Y,Attchd,141000
9,1752,2005,2005,1752,2,2,7658,NridgHt,1Story,Ex,Ex,Y,Attchd,319900
7,2149,2003,2003,1434,2,1,12822,Mitchel,1.5Fin,Gd,Gd,Y,Attchd,239686
8,1656,2006,2006,1656,3,2,11096,Somerst,1Story,Gd,Gd,Y,Attchd,249700
4,1452,1920,2008,736,0,2,4456,OldTown,2Story,TA,TA,Y,,113000
5,955,1966,1966,955,1,1,7742,Sawyer,1Story,TA,TA,Y,Attchd,127000
6,1470,1997,1997,794,2,2,13869,Gilbert,2Story,TA,TA,Y,Attchd,177000
6,1176,1934,1950,816,2,1,6240,BrkSide,1.5Fin,TA,TA,Y,Detchd,114500
5,816,1963,1963,816,2,1,8472,IDOTRR,1Story,Fa,TA,N,CarPort,110000
9,1842,1981,1987,1842,3,0,50271,Veenker,1Story,Gd,Gd,Y,Attchd,385000
5,1360,1955,1955,384,2,1,7134,NAmes,SLvl,TA,TA,Y,Detchd,130000
6,1425,1964,1964,1425,2,2,10175,NAmes,1Story,TA,TA,Y,Attchd,180500
8,1739,1999,2000,970,2,2,2645,Somerst,2Story,Gd,Gd,Y,Attchd,172500
7,1720,2004,2004,860,2,2,11645,CollgCr,2Story,Gd,Gd,Y,Attchd,196500
10,2945,2006,2006,1410,3,3,13682,StoneBr,2Story,Ex,Gd,Y,BuiltIn,438780
5,780,1972,1972,780,1,1,7200,CollgCr,1Story,TA,TA,Y,Detchd,124900
6,1158,2004,2004,1158,2,1,13072,SawyerW,1Story,TA,Gd,Y,Detchd,158000
5,1111,1920,1996,530,1,1,7200,IDOTRR,2.5Unf,TA,Fa,N,Detchd,101000
8,1370,2006,2006,1370,2,2,6442,NridgHt,1Story,Gd,Gd,Y,Attchd,202500
7,1710,1921,1950,576,2,2,10300,OldTown,2Story,TA,TA,Y,Detchd,140000
7,2034,1997,1998,1057,2,2,9375,CollgCr,2Story,TA,Gd,Y,Attchd,219500
8,2473,2004,2005,1143,3,2,9591,NridgHt,2Story,Gd,Gd,Y,BuiltIn,317000
7,2207,1970,1989,1947,2,2,19900,NAmes,1Story,TA,TA,Y,Attchd,180000
7,1479,2003,2003,1453,2,2,10665,CollgCr,1Story,Gd,Gd,Y,Attchd,226000
4,747,1945,1950,747,1,1,4608,OldTown,1Story,TA,TA,Y,Attchd,80000
7,2287,1953,1953,1304,2,2,15593,ClearCr,1.5Fin,Gd,TA,Y,Attchd,225000
7,2223,1973,1973,2223,2,2,13651,NAmes,1Story,TA,TA,Y,Attchd,244000
4,845,1982,2006,845,2,1,7599,Mitchel,1Story,TA,TA,Y,Detchd,129500
7,1718,1998,1998,832,2,2,10141,Gilbert,2Story,TA,TA,Y,Attchd,185000
5,1086,1954,2003,1086,2,1,10200,NAmes,1Story,TA,TA,Y,Attchd,144900
3,1605,1915,1950,840,1,2,5790,OldTown,2Story,Gd,TA,N,Detchd,107400
4,988,1973,1973,462,1,1,1596,MeadowV,SLvl,TA,TA,Y,BuiltIn,91000
4,952,1956,1956,952,1,1,8475,NAmes,1Story,TA,TA,Y,Detchd,135750
5,1285,1948,2001,672,1,1,8635,BrkSide,1.5Fin,TA,TA,Y,Detchd,127000
4,1768,1968,1968,1768,0,2,10778,Sawyer,1Story,TA,TA,N,,136500
5,1230,1910,1981,440,2,1,10440,OldTown,2Story,TA,TA,Y,Detchd,110000
6,2142,1968,1968,896,1,2,13000,NAmes,2Story,TA,Gd,Y,Attchd,193500
6,1337,1998,1998,1237,2,2,4500,Mitchel,1Story,TA,TA,Y,Attchd,153500
8,1563,2007,2007,1563,3,2,10206,Somerst,1Story,TA,Gd,Y,Attchd,245000
5,1065,1960,1960,1065,2,1,8892,NAmes,1Story,TA,TA,Y,Detchd,126500
7,1474,1995,1996,384,2,2,8530,Gilbert,SLvl,TA,TA,Y,BuiltIn,168500
8,2417,1991,1992,1288,2,2,16059,NoRidge,2Story,Gd,Gd,Y,Attchd,260000
6,1560,2005,2005,684,2,2,11911,Gilbert,2Story,Gd,Gd,Y,BuiltIn,174000
6,1224,2009,2009,612,2,2,3951,Somerst,2Story,Gd,Gd,Y,Detchd,164500
3,1526,1915,1982,1013,0,1,8470,IDOTRR,1.5Fin,Fa,Fa,N,,85000
4,990,1994,1995,990,0,1,8070,CollgCr,1Story,TA,TA,Y,,123600
4,1040,1950,1950,0,2,1,7200,NAmes,1Story,TA,TA,Y,Detchd,109900
5,1235,1961,1961,1235,2,1,8500,NAmes,1Story,TA,TA,Y,Attchd,98600
5,964,1921,2006,876,2,1,13360,Crawfor,1Story,TA,TA,Y,Detchd,163500
6,2291,1910,1998,1214,2,2,7200,OldTown,2.5Unf,TA,TA,N,Detchd,133900
6,1786,1997,1997,824,2,2,9337,CollgCr,2Story,TA,Gd,Y,Attchd,204750
6,1470,1993,1993,680,2,2,9765,Gilbert,2Story,Ex,TA,Y,BuiltIn,185000
7,1588,1999,1999,1588,2,2,10264,CollgCr,1Story,Gd,Gd,Y,Attchd,214000
4,960,1965,1965,960,1,1,10921,Edwards,1Story,TA,TA,Y,Attchd,94750
5,835,1920,1950,458,1,1,10625,Edwards,1Story,TA,TA,N,Basment,83000
4,1225,1959,1959,950,0,1,9320,NAmes,1Story,TA,TA,Y,,128950
6,1610,1977,2001,1610,2,2,10603,NWAmes,1Story,TA,Gd,Y,Attchd,205000
6,1732,1985,1985,741,2,2,9206,SawyerW,2Story,Gd,Gd,Y,Attchd,178000
5,1535,1979,1979,0,2,2,7018,SawyerW,1Story,TA,TA,Y,Attchd,118964
7,1226,2009,2009,1226,3,2,10402,CollgCr,1Story,TA,Gd,Y,Attchd,198900
7,1818,1931,1950,1040,1,1,7758,IDOTRR,1.5Fin,TA,TA,Y,Detchd,169500
8,1992,2003,2004,1053,2,2,9375,Somerst,2Story,Gd,Gd,Y,Attchd,250000
4,1047,1885,1995,641,1,1,10800,OldTown,1Story,TA,TA,Y,Detchd,100000
5,789,1948,1950,789,1,1,6000,OldTown,1Story,TA,TA,Y,Detchd,115000
5,1517,1919,2005,793,0,2,8500,IDOTRR,1.5Fin,TA,Fa,N,,115000
6,1844,1977,1977,1844,2,2,11751,NWAmes,1Story,TA,TA,Y,Attchd,190000
6,1855,1954,1972,994,1,2,9525,Edwards,1.5Fin,TA,TA,Y,Attchd,136900
7,1430,2000,2000,384,2,2,7750,Gilbert,SLvl,TA,TA,Y,BuiltIn,180000
7,2696,2007,2007,1264,3,2,9965,CollgCr,2Story,Gd,Ex,Y,BuiltIn,383970
6,2259,1953,1953,1809,2,2,21000,Crawfor,1Story,TA,Gd,Y,Basment,217000
6,2320,1945,2002,1028,1,2,7259,Crawfor,2Story,TA,Gd,Y,Detchd,259500
6,1458,1999,1999,729,2,2,3230,Somerst,2Story,TA,TA,Y,Detchd,176000
5,1092,1962,1962,1092,1,1,11616,Sawyer,1Story,TA,TA,Y,Attchd,139000
5,1125,2006,2007,1125,2,1,8536,Edwards,1Story,TA,TA,Y,Attchd,155000
7,3222,1990,1990,1673,3,3,12376,SawyerW,2Story,TA,Gd,Y,Attchd,320000
6,1456,2005,2006,728,2,2,8461,CollgCr,2Story,Gd,Gd,Y,Attchd,163990
6,988,1969,1969,938,2,1,21453,ClearCr,SLvl,TA,TA,Y,Attchd,180000
4,1123,1939,1950,732,1,1,6060,IDOTRR,1.5Fin,TA,TA,Y,Detchd,100000
6,1080,1958,1958,1080,1,1,9464,NAmes,1Story,TA,TA,Y,Attchd,136000
6,1199,1993,1993,1199,2,2,7892,SawyerW,1Story,Gd,Gd,Y,Attchd,153900
6,1586,1979,1998,1362,2,2,17043,NWAmes,1Story,TA,TA,Y,Attchd,181000
6,754,1935,1982,520,0,1,6780,IDOTRR,1.5Fin,TA,TA,N,,84500
6,958,1976,1976,1078,2,2,4928,NPkVill,1Story,TA,TA,Y,Attchd,128000
5,840,1930,1950,672,0,1,4388,OldTown,1.5Unf,TA,TA,Y,,87000
6,1348,1966,1966,660,2,1,7590,NAmes,2Story,TA,TA,Y,Attchd,155000
5,1053,1958,1991,1008,2,1,8973,NAmes,1Story,TA,Ex,Y,2Types,150000
7,2157,1966,1966,924,2,2,14200,NAmes,2Story,TA,Gd,Y,Attchd,226000
6,2054,2000,2000,992,2,2,12224,Gilbert,2Story,Gd,Gd,Y,BuiltIn,244000
5,1327,1959,2002,1063,2,1,7388,NAmes,1Story,TA,Gd,Y,Detchd,150750
8,1296,2001,2002,1267,2,2,6853,Timber,1Story,Gd,Gd,Y,Attchd,220000
5,1721,1968,1993,1461,2,2,10335,Sawyer,1Story,TA,TA,Y,Attchd,180000
7,1682,1970,1970,1304,2,2,10400,NWAmes,1Story,TA,TA,Y,Attchd,174000
5,1214,1967,1967,1214,1,2,10355,NAmes,1Story,TA,TA,Y,Attchd,143000
7,1959,1988,1989,1907,3,3,11070,Mitchel,1Story,TA,TA,Y,2Types,171000
8,1852,1999,2000,1004,3,2,9066,CollgCr,2Story,Gd,Gd,Y,Attchd,230000
6,1764,1997,1997,928,2,2,15426,CollgCr,2Story,TA,Gd,Y,Attchd,231500
4,864,1971,1971,864,0,1,10500,NAmes,1Story,TA,TA,Y,,115000
7,1734,2005,2005,1734,2,2,11645,CollgCr,1Story,Gd,Gd,Y,Attchd,260000
5,1385,1952,1952,910,2,2,8520,NAmes,1.5Fin,TA,TA,Y,Detchd,166000
7,1501,1999,1999,1490,2,2,10335,CollgCr,1Story,Gd,Gd,Y,Attchd,204000
5,1728,1963,1963,1728,2,2,9100,Sawyer,1Story,TA,TA,Y,Detchd,125000
6,1709,2004,2006,970,2,2,2522,Edwards,2Story,Gd,Gd,Y,Detchd,130000
5,875,1931,1993,715,1,1,6120,BrkSide,1Story,TA,TA,Y,Detchd,105000
7,2035,2001,2001,884,2,2,9505,Gilbert,2Story,Gd,Gd,Y,BuiltIn,222500
7,1080,2004,2005,1080,0,1,7500,SawyerW,1Story,TA,Gd,Y,,141000
5,1344,1936,1950,896,1,1,6240,BrkSide,1.5Fin,TA,TA,Y,Detchd,115000
5,969,1975,1975,969,2,1,10356,CollgCr,1Story,TA,TA,Y,Attchd,122000
8,1710,2007,2008,1710,3,2,13891,NridgHt,1Story,Gd,Gd,Y,Attchd,372402
6,1993,1971,1971,825,2,2,14803,NWAmes,2Story,TA,TA,Y,Attchd,190000
6,1252,1960,1975,1602,2,1,13500,ClearCr,1Story,TA,TA,Y,Attchd,235000
6,1200,1923,1950,1200,1,1,11340,OldTown,1Story,TA,TA,Y,Detchd,125000
6,1096,1924,1950,572,0,1,9600,Edwards,1.5Fin,TA,TA,N,,79000
5,1040,1950,1950,0,2,1,7200,NAmes,1Story,TA,TA,Y,Detchd,109500
8,1968,2009,2010,774,3,2,12003,Timber,2Story,Gd,Ex,Y,BuiltIn,269500
7,1947,2004,2005,991,2,2,12552,Somerst,2Story,Gd,Gd,Y,Attchd,254900
7,2462,2005,2006,1392,2,2,19378,Gilbert,2Story,Gd,Gd,Y,Attchd,320000
6,1232,1984,1984,1232,2,2,11120,Veenker,1Story,TA,TA,Y,Attchd,162500
9,2668,2003,2004,1572,3,2,13688,NridgHt,2Story,Gd,Ex,Y,BuiltIn,412500
7,1541,2005,2005,1541,2,2,12182,NridgHt,1Story,Gd,Gd,Y,Attchd,220000
4,882,1956,1956,882,0,1,5500,OldTown,1.5Unf,TA,TA,Y,,103200
6,1616,1926,2004,1149,1,2,5400,OldTown,1Story,TA,Gd,Y,Detchd,152000
5,1355,1940,1999,644,0,2,10106,Edwards,1.5Fin,TA,TA,Y,,127500
5,1867,1955,1993,1617,1,1,10708,ClearCr,1Story,Gd,TA,Y,Attchd,190000
8,2161,2007,2007,1582,3,1,10562,NridgHt,2Story,Gd,Ex,Y,Attchd,325624
7,1720,2004,2004,840,2,2,8244,Gilbert,2Story,Gd,Gd,Y,Attchd,183500
8,1707,1981,1981,1686,2,2,16669,Timber,1Story,Gd,TA,Y,Attchd,228000
5,1382,1941,1950,720,2,1,12358,OldTown,1.5Fin,TA,TA,Y,Detchd,128500
6,1656,1960,1960,1080,2,1,31770,NAmes,1Story,TA,TA,Y,Attchd,215000
7,1767,1987,1987,1064,2,2,5306,StoneBr,2Story,Gd,Gd,Y,Attchd,239000
6,1362,1961,1961,1362,2,1,10197,NAmes,1Story,TA,TA,Y,Attchd,163000
6,1651,1986,1986,1606,2,2,12416,Timber,1Story,TA,TA,Y,Attchd,184000
6,2158,1950,2001,1202,2,2,12615,Edwards,1Story,TA,Gd,Y,Attchd,243000
6,2060,1988,1989,1151,2,2,10029,ClearCr,2Story,Gd,TA,Y,Attchd,211000
5,1920,1958,1958,1052,2,2,13650,Sawyer,1.5Fin,Gd,Gd,Y,Attchd,172500
9,2234,2008,2009,2216,3,2,17423,StoneBr,1Story,Ex,Ex,Y,Attchd,501837
5,968,1923,2006,968,2,1,8520,OldTown,1Story,Gd,TA,Y,Detchd,100000
6,1525,2000,2000,756,2,2,2117,Somerst,2Story,Gd,Gd,Y,Detchd,177000
7,1802,1920,1950,793,1,1,7588,Crawfor,2Story,TA,TA,Y,Detchd,200100
5,1340,1957,2006,0,1,1,9060,Edwards,1Story,TA,TA,Y,Attchd,120000
7,2082,2003,2003,1362,2,2,11426,OldTown,1.5Fin,TA,Gd,Y,Detchd,200000
5,1252,1908,1991,504,2,1,7438,BrkSide,1.5Fin,TA,TA,Y,Attchd,127000
10,3608,1892,1993,1107,3,2,22950,OldTown,2.5Fin,Gd,Ex,Y,Detchd,475000
7,1217,1990,1991,1188,2,2,9947,Mitchel,SLvl,TA,Gd,Y,Attchd,173000
5,1656,1916,1987,660,1,2,10410,OldTown,1.5Fin,TA,TA,Y,Detchd,135000
5,1224,1979,1979,1086,2,0,7018,SawyerW,SFoyer,TA,TA,Y,Detchd,153337
8,1593,2001,2002,1593,2,1,4923,StoneBr,1Story,Gd,Ex,Y,Attchd,286000
8,2727,1932,1994,853,2,2,10570,Crawfor,2Story,Gd,Gd,Y,Detchd,315000
7,1479,1972,2004,725,2,1,7472,NAmes,2Story,TA,Gd,Y,Attchd,184000
7,1431,1999,1999,1431,2,2,9017,CollgCr,1Story,Gd,Gd,Y,Attchd,192000
7,1709,2004,2004,970,2,2,2522,Edwards,2Story,Gd,Gd,Y,Detchd,130000
5,864,1972,1972,864,1,1,7180,CollgCr,1Story,TA,TA,Y,Detchd,127000
6,1456,1976,1976,855,2,2,2280,NPkVill,2Story,TA,TA,Y,Attchd,148500
7,1726,2007,2007,1726,3,2,9416,Somerst,1Story,Ex,Ex,Y,Attchd,311872
8,3112,1918,1990,1360,2,2,25419,NAmes,2Story,Gd,Gd,Y,Detchd,235000
6,2229,1912,1950,755,0,1,5520,OldTown,2.5Fin,TA,TA,Y,,104000
8,1713,2004,2005,1713,3,2,9591,NridgHt,1Story,Gd,Ex,Y,Attchd,274900
4,1121,2003,2004,1121,2,2,8546,Edwards,1Story,TA,TA,Y,Attchd,140000
6,1279,1977,1977,1196,2,2,10125,Mitchel,1Story,TA,TA,Y,Detchd,171500
6,1310,1924,1950,617,1,2,7000,OldTown,1.5Fin,TA,TA,Y,Attchd,112000
6,848,2004,2004,848,2,1,4438,CollgCr,1Story,Gd,Gd,Y,Attchd,149000
5,1284,1947,1950,720,1,1,3500,OldTown,1.5Fin,TA,TA,Y,Detchd,110000
7,1442,1990,1990,1424,2,2,11851,Gilbert,1Story,TA,TA,Y,Attchd,180500
5,1696,1962,1962,1140,1,1,13673,Sawyer,1Story,TA,TA,Y,Attchd,143900
4,1100,1960,1960,1100,1,1,12493,NAmes,1Story,TA,TA,Y,Attchd,141000
7,2062,1988,1989,1157,2,2,14364,SawyerW,2Story,Gd,TA,Y,Attchd,277000
6,1092,1964,1964,1092,2,1,8250,NAmes,1Story,TA,TA,Y,Attchd,145000
5,864,1925,1950,864,0,1,5604,Edwards,1Story,TA,TA,N,,98000
6,1212,2009,2009,1212,2,2,10420,Edwards,1Story,TA,Gd,Y,Attchd,186000
7,1852,2009,2009,900,2,2,8640,Somerst,2Story,TA,Gd,Y,Attchd,252678
5,990,1995,1995,990,2,1,13568,CollgCr,1Story,TA,TA,Y,Attchd,156000
6,1392,1977,1977,689,1,1,10900,CollgCr,2Story,TA,TA,Y,Attchd,161750
5,1236,1957,1996,1070,1,1,10011,NAmes,1Story,TA,Gd,Y,Attchd,134450
7,1436,2004,2004,1436,2,2,8450,CollgCr,1Story,Gd,Gd,Y,Attchd,210000
4,1328,1925,1950,686,1,1,9906,OldTown,2Story,TA,TA,N,Detchd,107000
7,1954,1939,2006,798,2,1,15660,Crawfor,1.5Fin,Gd,Gd,Y,Attchd,311500
7,1248,2005,2006,1248,2,2,3010,Blmngtn,1Story,Gd,Gd,Y,Attchd,167240
7,1498,2006,2006,1498,2,2,8990,CollgCr,1Story,Gd,Gd,Y,Attchd,204900
6,2267,2002,2002,1010,2,2,8068,Gilbert,2Story,Gd,Gd,Y,BuiltIn,200000
6,1552,1975,1975,713,2,2,11475,NWAmes,2Story,TA,TA,Y,Attchd,179900
4,864,1971,1971,864,2,1,10500,NAmes,1Story,TA,TA,Y,Detchd,97000
10,2392,2003,2003,2392,3,2,13472,NridgHt,1Story,Ex,Ex,Y,Attchd,386250
5,1302,1971,1971,630,1,2,1680,BrDale,2Story,TA,TA,Y,Detchd,112000
7,2520,1995,1995,1203,3,2,9950,NoRidge,2Story,Gd,Gd,Y,Attchd,290000
6,987,1970,1970,483,1,1,1869,BrDale,2Story,TA,TA,Y,Detchd,106000
5,912,1967,1967,912,1,1,8521,Sawyer,1Story,TA,TA,Y,Detchd,125000
7,1555,2005,2006,1373,2,2,3182,Blmngtn,1Story,Gd,Gd,Y,Attchd,192500
6,1194,1959,1959,1194,1,1,8760,NAmes,1Story,TA,TA,Y,Attchd,148000
8,2794,1995,1996,1462,3,2,15138,NoRidge,2Story,Gd,Ex,Y,Attchd,403000
6,987,1972,1972,483,1,1,1680,BrDale,2Story,TA,TA,Y,Attchd,94500
5,894,1976,1976,894,1,1,10650,CollgCr,1Story,TA,TA,Y,Attchd,128200
6,1960,2002,2002,860,2,2,7851,Gilbert,2Story,Gd,Gd,Y,BuiltIn,216500
6,987,1971,1971,483,1,1,1680,BrDale,2Story,TA,TA,Y,Detchd,89500
7,1414,2004,2004,1414,2,2,8773,CollgCr,1Story,Gd,Gd,Y,Attchd,185500
7,1744,1993,2003,996,2,2,9453,SawyerW,2Story,Gd,Gd,Y,Attchd,194500
8,1694,2007,2007,1694,3,2,12030,NridgHt,1Story,Ex,Gd,Y,Attchd,318000
6,1487,1945,1950,735,1,1,8741,Edwards,1.5Fin,TA,TA,Y,Detchd,113000
8,1566,2008,2008,1566,2,2,9000,Somerst,1Story,Gd,Gd,Y,Attchd,262500
5,866,1945,1997,686,0,1,3880,OldTown,1Story,TA,Gd,Y,,110500
5,1440,1900,1950,540,1,1,5000,OldTown,1.5Fin,TA,TA,N,Attchd,79000
6,1217,1980,1980,626,1,1,10762,SawyerW,2Story,TA,TA,Y,Attchd,120000
7,2110,1994,2002,948,2,2,8880,SawyerW,2Story,Gd,Gd,Y,Attchd,205000
7,1872,1988,1988,1845,2,2,10400,NWAmes,1Story,TA,TA,Y,Attchd,241500
6,1928,1910,1950,1020,1,2,9142,OldTown,2Story,TA,Fa,N,Detchd,137000
6,1375,1954,1954,1367,2,1,11310,NAmes,1Story,TA,TA,Y,Attchd,140000
7,1668,2003,2003,840,2,2,11317,CollgCr,2Story,Gd,Gd,Y,Attchd,180000
6,2144,1958,2006,1444,2,2,159000,ClearCr,1.5Fin,Gd,Gd,Y,Attchd,277000
3,1306,1940,1966,728,0,1,5350,BrkSide,1Story,TA,Fa,Y,,76500
8,1625,2006,2007,1573,2,2,4750,Crawfor,1Story,Gd,Gd,Y,Attchd,235000
6,1640,2004,2004,798,2,2,8366,SawyerW,2Story,Gd,Gd,Y,Attchd,173000
6,1302,1964,1991,1302,1,2,9350,NAmes,SLvl,TA,Gd,Y,Attchd,158000
5,1314,1957,1957,1314,1,1,8400,NAmes,1Story,TA,TA,Y,Attchd,145000
7,2291,1999,1999,975,2,2,8738,Gilbert,2Story,Gd,Gd,Y,BuiltIn,230000
6,1728,2003,2003,864,2,2,8791,Somerst,2Story,Gd,Gd,Y,Attchd,207500
7,1604,2006,2006,1604,2,2,8814,CollgCr,1Story,Gd,Gd,Y,Attchd,220000
7,1792,2001,2001,963,2,2,12435,CollgCr,2Story,Gd,Gd,Y,Attchd,231500
5,882,1956,1956,0,1,1,12702,OldTown,1Story,TA,TA,Y,Detchd,97000
6,1382,1962,1962,1362,2,1,19296,NAmes,SLvl,TA,TA,Y,Attchd,176000
8,2574,2007,2007,1482,3,2,9588,CollgCr,2Story,Gd,Ex,Y,BuiltIn,276000
6,1212,1977,1995,506,2,1,8471,Sawyer,SLvl,TA,TA,Y,Attchd,151000
5,1316,1929,2001,926,2,1,5500,OldTown,1.5Fin,TA,TA,Y,Detchd,130000
5,764,1925,2004,680,2,1,5232,OldTown,1Story,TA,TA,N,Detchd,73000
6,1422,1981,1981,1422,2,2,12090,NWAmes,1Story,TA,Gd,Y,Attchd,175500
6,1511,1997,1997,802,2,2,11207,Gilbert,2Story,TA,TA,Y,Attchd,185000
5,2192,1939,1997,720,1,2,8400,SWISU,2.5Fin,TA,Gd,Y,Detchd,179500
5,778,1940,1955,740,1,1,6900,IDOTRR,1Story,TA,TA,Y,Detchd,120500
6,1113,1976,1976,1143,1,1,7917,Edwards,1Story,TA,TA,Y,Attchd,148000
8,1939,2006,2006,1095,3,2,10728,Somerst,2Story,Gd,Gd,Y,Attchd,266000
7,1363,1954,2005,1385,2,1,39104,ClearCr,1Story,TA,TA,Y,Attchd,241500
8,2270,1999,2007,1152,3,2,11764,NoRidge,2Story,Gd,Gd,Y,Attchd,290000
6,1632,1958,1988,1240,1,2,9600,NAmes,1Story,TA,TA,Y,Attchd,139000
5,816,1982,1982,816,1,1,8314,Mitchel,1Story,TA,TA,Y,Attchd,124500
7,1548,1925,2007,952,2,2,7264,BrkSide,1.5Fin,Gd,Ex,N,Detchd,205000
7,1560,2003,2003,1560,2,2,9196,Mitchel,1Story,Gd,Gd,Y,Attchd,201000
4,864,1951,1951,864,2,1,19138,Gilbert,1Story,TA,TA,Y,Detchd,141000
9,2121,2006,2007,2121,3,2,14450,NridgHt,1Story,Ex,Ex,Y,Attchd,415298
7,2022,1977,1977,1160,2,2,10005,ClearCr,2Story,TA,TA,Y,Attchd,192000
7,1982,1989,1989,807,2,2,11287,SawyerW,2Story,Gd,Gd,Y,Attchd,228500
6,1262,2006,2006,1262,2,2,7200,Somerst,1Story,Gd,Gd,Y,Attchd,185000
7,1314,2007,2008,1314,2,2,5063,NridgHt,1Story,Gd,Gd,Y,Attchd,207500
8,1468,2008,2009,1468,3,2,9612,Somerst,1Story,Gd,Gd,Y,Attchd,244600
6,1575,1992,1992,1575,2,2,8012,SawyerW,1Story,Gd,Gd,Y,Attchd,179200
7,1250,2006,2007,625,2,2,4251,Somerst,2Story,Gd,Gd,Y,Detchd,164700
6,1734,1962,1981,912,2,1,9786,NAmes,1.5Fin,TA,Gd,Y,Attchd,159000
4,858,1971,1971,858,0,1,8125,NAmes,1Story,TA,TA,Y,,88000
5,900,1967,1967,882,1,1,9819,Sawyer,1Story,TA,TA,Y,Detchd,122000
6,1396,1915,2003,698,1,1,8730,BrkSide,2Story,TA,TA,Y,Detchd,153575
8,1919,2006,2006,1079,2,2,15611,CollgCr,2Story,Gd,Gd,Y,Attchd,233230
5,1716,1912,2000,780,0,2,5687,SWISU,2Story,TA,Fa,N,,135900
5,1716,1949,2008,768,1,1,11409,Edwards,1.5Fin,TA,TA,Y,Attchd,131000
7,2263,1977,1994,795,2,2,16659,NWAmes,2Story,TA,Gd,Y,Attchd,235000
6,1644,1953,1953,1416,2,1,9600,NAmes,1Story,TA,TA,Y,Attchd,167000
6,1003,1984,1984,1003,2,1,7937,Mitchel,SLvl,TA,TA,Y,Detchd,142500
5,1558,1950,1950,910,1,1,13710,IDOTRR,1.5Fin,TA,TA,Y,Attchd,152000
7,1950,1997,1998,975,2,2,7399,Somerst,2Story,Gd,Gd,Y,Detchd,239000
6,1743,1968,1968,702,2,1,11700,NWAmes,2Story,Gd,TA,Y,Attchd,175000
6,1152,1950,2004,1092,1,1,14000,Crawfor,1Story,TA,Gd,Y,Attchd,158500
5,1336,1953,1953,1165,1,1,15750,Crawfor,1Story,TA,TA,Y,Attchd,157000
8,2452,1998,1999,1028,2,2,16226,CollgCr,2Story,Gd,Gd,Y,BuiltIn,267000
7,1541,2001,2002,1541,3,2,13704,CollgCr,1Story,Gd,Gd,Y,Attchd,205000
5,894,1972,1972,894,2,1,9800,CollgCr,1Story,TA,TA,Y,Attchd,149900
7,3493,1880,2002,1470,3,3,18386,OldTown,2.5Fin,TA,Gd,Y,Attchd,295000
8,2000,2004,2005,2000,3,2,10386,CollgCr,1Story,Gd,Gd,Y,Attchd,305900
7,2243,1990,1991,700,3,2,13474,SawyerW,2Story,Gd,Gd,Y,Attchd,225000
6,1406,1920,1950,319,0,1,7920,IDOTRR,1.5Fin,TA,Fa,Y,,89500
4,861,1940,1950,861,2,1,12342,Edwards,1Story,TA,TA,Y,Detchd,82500
9,1944,2003,2004,1896,3,2,12378,NridgHt,1Story,Gd,Ex,Y,Attchd,360000
6,1501,1993,1994,697,2,2,7685,Gilbert,2Story,TA,Gd,Y,Attchd,165600
6,972,1948,2002,972,1,1,8000,NAmes,1Story,TA,TA,Y,Detchd,132000
5,1118,1939,1950,793,2,1,7800,OldTown,1.5Fin,TA,TA,Y,Detchd,119900
7,2036,1965,1965,2136,2,2,215245,Timber,1Story,TA,TA,Y,Attchd,375000
7,1641,1925,1990,728,2,1,9600,OldTown,2Story,TA,Ex,Y,Detchd,178000
7,1432,2004,2005,716,2,2,7795,Gilbert,2Story,Gd,Gd,Y,Attchd,188500
7,2353,1980,1980,845,2,2,13005,NWAmes,2Story,Gd,Ex,Y,Attchd,260000
8,1959,2006,2006,1088,3,2,9000,Somerst,2Story,Gd,Gd,Y,Attchd,270000
7,2646,1993,1993,1347,3,2,9900,NoRidge,2Story,Gd,Gd,Y,Attchd,260000
7,1472,1980,1980,1372,2,2,14115,NWAmes,SLvl,TA,TA,Y,Attchd,187500
9,2596,2006,2006,1249,3,3,16259,NridgHt,2Story,TA,Gd,Y,Attchd,342643
8,2468,2004,2004,1136,3,2,12099,NridgHt,2Story,Gd,Gd,Y,BuiltIn,354000
7,2730,1986,1987,1502,2,2,10380,SawyerW,2Story,Gd,Gd,Y,Attchd,301000
3,1163,1955,2005,1162,1,1,5820,OldTown,1Story,TA,TA,Y,Attchd,126175
7,2978,1967,2007,710,2,2,11275,NAmes,SLvl,Gd,Gd,Y,BuiltIn,242000
5,803,1941,1950,720,2,1,5000,IDOTRR,1.5Unf,TA,TA,N,Detchd,87000
8,1719,1993,1993,1719,2,1,10846,Veenker,1Story,Gd,Gd,Y,Attchd,324000
6,1383,1960,1960,1383,1,1,11600,NAmes,1Story,TA,TA,Y,Attchd,145250
6,2134,1916,1994,844,2,2,11888,BrkSide,2.5Unf,TA,Gd,N,Detchd,214500
5,1192,1920,1950,596,1,1,6402,IDOTRR,2Story,TA,TA,N,Detchd,78000
5,1728,1964,1964,1728,1,2,10624,NAmes,1Story,TA,TA,Y,Detchd,119000
5,1056,1958,1992,1056,1,1,8176,NAmes,1Story,TA,TA,Y,Attchd,139000
8,1629,2003,2004,3206,3,2,10655,NridgHt,1Story,Gd,Gd,Y,Attchd,284000
7,1358,2004,2004,1358,2,2,8198,NridgHt,1Story,Gd,Gd,Y,Attchd,207000
6,1638,1998,1998,943,2,2,9042,Gilbert,2Story,TA,TA,Y,Attchd,192000
5,1786,1965,1965,1499,2,2,164660,Timber,1.5Fin,TA,TA,Y,Attchd,228950
9,1922,2005,2006,1922,3,2,14157,StoneBr,1Story,Gd,Gd,Y,Attchd,377426
7,1536,2002,2003,1536,2,2,9135,CollgCr,1Story,Gd,Gd,Y,Attchd,214000
7,1621,1984,1998,1208,2,2,14145,NWAmes,1Story,Gd,Gd,Y,Attchd,202500
6,1215,1958,1998,1215,1,1,12400,NAmes,1Story,TA,TA,Y,Attchd,155000
8,1908,2002,2002,967,2,2,14191,Timber,2Story,Gd,Gd,Y,Attchd,202900
4,841,1950,1950,721,1,1,8400,SawyerW,1Story,Fa,TA,Y,CarPort,82000
3,1040,1949,1950,0,2,2,8544,NAmes,1Story,TA,TA,N,Detchd,87500
9,1684,2005,2005,1684,2,2,8849,NridgHt,1Story,Ex,Ex,Y,Attchd,266000
5,1112,1976,1976,536,1,1,2592,MeadowV,2Story,TA,TA,Y,Attchd,85000
6,1577,1939,1950,972,1,1,6435,BrkSide,1.5Fin,TA,Fa,Y,Detchd,140200
6,958,1960,1998,958,1,1,12772,NAmes,1Story,TA,TA,Y,Attchd,151500
6,1478,1960,1960,1478,2,2,17600,NAmes,1Story,TA,TA,Y,Attchd,157500
7,1626,2003,2004,764,2,2,2448,NridgHt,2Story,Gd,Gd,Y,BuiltIn,154000
9,2728,2005,2006,1848,3,2,20431,NridgHt,2Story,Ex,Ex,Y,Attchd,437154
9,1869,2007,2007,1869,2,2,7820,NridgHt,1Story,Ex,Ex,Y,Attchd,318061
7,1453,1986,1986,1453,2,1,5271,ClearCr,1Story,TA,Gd,Y,Attchd,190000
5,1111,1941,1950,616,1,1,9084,Edwards,1.5Fin,TA,TA,N,Detchd,95000
6,720,1928,2003,624,2,1,8520,OldTown,1Story,TA,TA,Y,Detchd,105900
6,1595,1940,2000,940,1,1,8400,SWISU,1.5Fin,TA,TA,Y,Attchd,140000
6,1200,1995,1995,1200,2,2,11249,CollgCr,1Story,Gd,Gd,Y,Attchd,177500
6,1167,1992,1992,1158,2,2,9248,Gilbert,1Story,TA,Gd,Y,Attchd,173000
5,1142,1976,1976,1142,2,1,4224,MeadowV,1Story,TA,TA,Y,Attchd,134000
5,1352,1958,1958,1062,1,1,6930,ClearCr,SLvl,TA,Gd,Y,BuiltIn,130000
8,1924,1998,1998,1086,2,2,12011,NoRidge,2Story,Gd,Gd,Y,Attchd,280000
6,912,1978,1978,888,2,1,7540,Mitchel,SFoyer,TA,TA,Y,Attchd,156000
5,1505,1940,1982,883,1,1,9144,BrkSide,1.5Fin,TA,TA,Y,Detchd,145000
7,1922,2003,2003,0,2,3,7301,Edwards,SFoyer,Gd,Gd,Y,BuiltIn,198500
6,987,1972,2007,483,1,1,1680,BrDale,2Story,TA,Gd,Y,Detchd,118000
6,1574,1976,1976,796,2,2,18800,NWAmes,2Story,TA,TA,Y,Attchd,190000
5,1344,1920,1997,672,1,1,10690,IDOTRR,2Story,TA,TA,Y,Detchd,147000
6,1394,1963,1963,1394,2,1,9500,NAmes,1Story,TA,TA,Y,Attchd,159000
6,1431,1962,1962,1099,1,1,9150,NAmes,SLvl,TA,TA,Y,Basment,165000
5,1268,1954,1954,1268,1,1,7800,NAmes,1Story,TA,TA,Y,Attchd,132000
5,1287,1959,2006,1063,2,1,9830,NAmes,1Story,TA,Gd,Y,Detchd,162000
6,1664,2000,2000,953,2,2,8121,Gilbert,2Story,TA,TA,Y,Attchd,172400
4,1588,1959,1959,0,2,2,17120,ClearCr,1.5Fin,TA,TA,Y,Detchd,134432
6,752,1984,1984,744,1,1,7175,SawyerW,1Story,TA,TA,Y,Attchd,125000
5,1319,1953,1953,608,1,1,10634,NAmes,1Story,TA,TA,Y,Attchd,123000
7,1928,2003,2004,847,2,2,8200,CollgCr,2Story,Gd,Gd,Y,BuiltIn,219500
1,904,1922,1950,683,0,0,10020,Edwards,1Story,Fa,Fa,N,,61000
5,914,1996,1996,870,2,1,8846,CollgCr,SFoyer,Gd,TA,Y,Detchd,148000
8,2466,2004,2005,1580,2,3,11143,Somerst,2Story,Gd,Gd,Y,Attchd,340000
9,1856,2010,2010,1856,3,1,11394,StoneBr,1Story,Gd,Ex,Y,Attchd,394432
6,1800,2000,2000,982,2,2,8123,Gilbert,2Story,TA,TA,Y,Attchd,179000
5,1691,1924,1950,1026,1,2,5000,SWISU,1.5Fin,TA,Gd,Y,Detchd,127000
7,1301,2006,2006,1293,2,2,7200,Somerst,1Story,Gd,Gd,Y,Attchd,187750
7,1797,2006,2006,939,2,2,9245,CollgCr,2Story,Gd,Gd,Y,Attchd,213500
6,784,1928,1950,784,2,1,9000,SawyerW,1.5Unf,TA,TA,N,Detchd,76000
6,1953,1992,1992,1580,2,2,53107,ClearCr,2Story,Gd,Gd,Y,Attchd,240000
8,1269,2004,2005,1256,2,2,3182,Blmngtn,1Story,Gd,Gd,Y,Attchd,192000
5,1184,1910,1996,658,0,1,8410,Edwards,1.5Fin,TA,TA,Y,,81000
6,1125,1976,1976,1041,1,1,7200,Edwards,SLvl,TA,TA,Y,Detchd,125000
7,1479,1999,2000,1468,2,2,9382,CollgCr,1Story,Gd,Gd,Y,Attchd,191000
10,2332,2007,2008,1682,3,2,12474,NridgHt,2Story,Ex,Ex,Y,BuiltIn,426000
5,1367,1900,1950,861,1,1,8405,Edwards,1.5Fin,TA,TA,Y,Detchd,119000
6,1961,2001,2002,804,2,2,12209,Mitchel,2Story,TA,Gd,Y,BuiltIn,215000
5,882,1959,1959,0,1,1,8339,NAmes,1Story,TA,TA,Y,Attchd,106500
4,788,1941,1950,788,0,1,7446,BrkSide,1Story,TA,TA,Y,,100000
5,1034,1940,1950,735,1,1,10134,OldTown,1.5Fin,TA,TA,Y,Detchd,109000
5,1144,1956,1956,1144,1,1,9571,Edwards,1Story,TA,TA,Y,Attchd,129000
5,894,1972,1972,894,2,1,7200,CollgCr,1Story,TA,TA,Y,Detchd,123000
5,1812,1962,1962,864,1,2,7590,NAmes,2Story,TA,TA,Y,Attchd,169500
5,1077,1920,1950,961,1,1,8967,IDOTRR,1Story,TA,TA,Y,Detchd,67000
7,1550,2006,2007,1092,2,2,8125,Somerst,2Story,Gd,Gd,Y,Attchd,241000
8,1288,1996,1996,1260,2,1,14963,Veenker,1Story,Gd,Ex,Y,Attchd,245500
7,1310,2005,2005,1310,2,2,8767,CollgCr,1Story,Gd,Gd,Y,Attchd,164990
5,672,1940,1997,672,1,1,10200,Sawyer,1Story,TA,TA,Y,Detchd,108000
8,2263,1998,1998,1141,2,2,12090,NoRidge,2Story,Gd,Gd,Y,BuiltIn,258000
6,1572,1995,1996,806,2,2,10364,Gilbert,2Story,TA,TA,Y,BuiltIn,168000
4,1620,1976,1993,1281,2,2,9991,Sawyer,1Story,TA,TA,Y,Attchd,150000
6,1639,1936,1950,1064,1,1,10480,SWISU,1.5Fin,TA,TA,Y,Detchd,115000
6,1680,1915,1976,840,1,2,15576,Crawfor,2Story,TA,TA,Y,Attchd,177000
7,2172,2006,2006,1063,3,2,14154,NridgHt,2Story,Gd,Gd,Y,Attchd,280000
8,2078,2007,2008,1034,3,2,10800,Somerst,2Story,Gd,Ex,Y,Attchd,339750
5,1276,1958,1958,1276,1,1,9571,Edwards,1Story,TA,TA,Y,Attchd,60000
5,1056,1955,1955,1056,2,1,34650,Gilbert,1Story,TA,TA,N,Attchd,145000
7,1478,2009,2009,1470,2,2,4403,Somerst,1Story,Ex,Gd,Y,Attchd,222000
5,1028,1927,1950,1008,2,1,8960,OldTown,1Story,TA,TA,Y,Detchd,115000
7,2097,1993,1993,1080,3,2,11228,SawyerW,2Story,Gd,Gd,Y,Attchd,228000
7,1340,2007,2007,1340,2,2,8899,Gilbert,1Story,Gd,Gd,Y,Attchd,181134
6,1400,1978,1978,672,2,1,7844,Sawyer,2Story,TA,TA,Y,Attchd,149500
6,2624,1918,1950,1370,3,2,22420,Crawfor,2Story,TA,TA,N,Detchd,239000
5,1134,1940,1950,756,1,1,8160,Edwards,1.5Fin,TA,TA,N,Detchd,126000
5,1056,1968,1968,1056,1,1,8450,NAmes,1Story,TA,TA,Y,Attchd,142000
7,1344,1997,1998,1344,4,2,7060,Mitchel,SFoyer,TA,TA,Y,Attchd,206300
6,1602,1977,2000,1602,2,2,16635,NWAmes,1Story,Gd,Gd,Y,Attchd,215000
5,988,1954,1954,988,2,1,21750,Mitchel,1Story,TA,TA,Y,Attchd,113000
8,2630,1998,1998,1470,3,2,9200,NoRidge,2Story,Gd,Gd,Y,Attchd,315000
6,1196,1956,1956,1196,1,1,9000,NAmes,1Story,TA,TA,Y,Attchd,139000
7,1389,1946,1992,651,1,1,3378,OldTown,2Story,TA,TA,Y,Detchd,135000
7,1644,1989,1989,1518,2,2,12800,SawyerW,SLvl,Gd,Gd,Y,Attchd,275000
4,907,1957,1957,907,1,1,8593,NAmes,1Story,TA,TA,Y,Detchd,109008
7,1208,2007,2007,1208,2,2,6762,CollgCr,1Story,Gd,Gd,Y,Attchd,195400
6,1412,1988,1988,1392,2,2,11457,Timber,1Story,TA,Gd,Y,Attchd,175000
6,987,1971,1971,483,1,1,1680,BrDale,2Story,TA,TA,Y,Detchd,85400
6,1198,1920,1998,901,0,1,5586,OldTown,1.5Fin,TA,TA,Y,,79900
5,1365,1971,1971,765,2,1,1920,BrDale,2Story,TA,TA,Y,Detchd,122500
6,1604,1997,1998,926,2,2,10839,Gilbert,2Story,TA,TA,Y,Attchd,181000
4,630,1972,1972,630,0,1,1890,MeadowV,SFoyer,TA,TA,Y,,81000
7,1661,1996,1996,799,2,2,10667,CollgCr,2Story,Gd,Gd,Y,Attchd,212000
6,1118,1920,1950,648,2,1,4400,OldTown,1.5Fin,TA,TA,Y,Detchd,116000
6,904,1926,2004,884,1,1,6000,BrkSide,1.5Unf,Gd,TA,Y,Detchd,119000
5,694,1913,2002,440,1,1,4280,Crawfor,1Story,TA,Gd,N,Detchd,90350
6,1196,1920,2000,684,2,1,12354,Edwards,1.5Fin,TA,Gd,Y,Detchd,110000
10,2402,2008,2008,3094,3,2,15431,NridgHt,1Story,Ex,Ex,Y,Attchd,555000
4,1440,1955,1955,1440,0,2,12108,Edwards,1Story,TA,Fa,N,,118000
5,1573,1930,1992,1078,2,2,6240,BrkSide,1.5Fin,TA,TA,Y,Detchd,162900
7,1258,2006,2007,1258,3,2,3922,Blmngtn,1Story,Gd,Gd,Y,Attchd,172500
7,1908,1994,1995,915,2,2,8750,CollgCr,2Story,Gd,Gd,Y,Attchd,210000
6,1689,1956,1956,1436,2,1,9855,Edwards,1Story,TA,TA,Y,Attchd,127500
6,1888,1966,2002,1517,2,2,16492,NAmes,1Story,Gd,Gd,Y,Attchd,190000
7,1886,1998,1999,930,2,2,11214,Gilbert,2Story,Gd,Gd,Y,Attchd,199900
6,1376,1937,1950,780,1,2,8600,IDOTRR,1.5Fin,TA,TA,Y,Detchd,119500
3,1183,1948,2002,649,1,1,6000,OldTown,1.5Fin,TA,TA,Y,Detchd,120000
6,813,1930,2005,813,1,1,5684,OldTown,1Story,TA,Gd,Y,Detchd,110000
7,1533,1975,1975,1533,2,2,70761,ClearCr,1Story,TA,Gd,Y,Attchd,280000
6,1756,1996,1997,872,2,2,9303,Timber,2Story,Gd,TA,Y,Attchd,204000
8,1590,2008,2008,768,2,2,9000,Somerst,2Story,Gd,Gd,Y,Attchd,210000
5,1728,1976,1976,1728,2,2,9297,Mitchel,1Story,TA,TA,Y,Detchd,188000
7,1242,1973,1973,1242,2,1,9600,NWAmes,1Story,TA,TA,Y,Attchd,175500
5,1344,1916,1950,624,3,1,4571,OldTown,2Story,TA,TA,N,Detchd,98000
4,1663,1954,1994,1364,2,1,53227,ClearCr,1Story,TA,Gd,Y,Attchd,256000
8,1666,1925,1996,588,1,1,5100,OldTown,2Story,TA,Gd,Y,Detchd,161000
5,1203,1950,1950,709,1,1,7015,BrkSide,1.5Fin,TA,Gd,Y,Detchd,110000
8,1935,2009,2009,832,2,2,8004,Somerst,2Story,Gd,TA,Y,BuiltIn,263435
7,1135,1936,2007,560,2,1,7200,SWISU,2Story,Gd,Gd,Y,Detchd,155000
5,864,1965,1965,864,1,1,8281,Sawyer,1Story,TA,TA,Y,Detchd,62383
6,1660,1934,1995,715,1,1,11988,Crawfor,2Story,TA,TA,Y,Detchd,188700
5,1040,1978,1978,1040,0,2,8430,CollgCr,1Story,TA,TA,Y,,124000
7,1414,2004,2004,1375,2,2,3072,Blmngtn,1Story,Gd,Gd,Y,Attchd,178740
7,1277,1970,1970,1277,2,1,10628,NAmes,1Story,TA,TA,Y,Attchd,167000
5,1644,1942,1995,728,1,1,9480,NAmes,2Story,TA,Gd,Y,Attchd,146500
8,1634,2006,2006,1626,3,2,11428,NridgHt,1Story,Gd,Gd,Y,Attchd,250000
6,1710,1993,1993,832,2,2,9291,SawyerW,2Story,Gd,Gd,Y,Attchd,187000
8,1502,1985,1985,1488,2,1,6820,StoneBr,1Story,Gd,Gd,Y,Attchd,212000
7,1969,1977,1977,808,2,2,11952,NWAmes,2Story,TA,TA,Y,Attchd,190000
6,1072,2005,2005,547,2,1,3675,Edwards,SLvl,TA,TA,Y,Basment,148000
8,1976,2006,2007,1976,3,2,14977,NridgHt,1Story,Gd,Gd,Y,Attchd,440000
8,1652,2000,2000,1494,2,2,5330,StoneBr,1Story,Gd,Ex,Y,Attchd,251000
5,970,1963,1963,970,2,1,8480,Sawyer,1Story,TA,TA,Y,Detchd,132500
6,1493,1997,1998,1478,2,2,13125,CollgCr,1Story,TA,Gd,Y,Attchd,208900
9,2643,2006,2006,2153,3,2,13693,NridgHt,2Story,Ex,Ex,Y,BuiltIn,380000
8,1718,2007,2008,1705,3,2,10637,CollgCr,1Story,Gd,Gd,Y,Attchd,297000
4,1131,1937,2000,907,2,1,5925,OldTown,1Story,TA,TA,Y,Detchd,89471
9,1850,2004,2005,1833,3,2,16033,NridgHt,1Story,Gd,Gd,Y,Attchd,326000
9,1792,2003,2004,1792,3,2,11846,NridgHt,1Story,Gd,Ex,Y,Attchd,374000
7,1826,1915,2005,910,1,1,2500,OldTown,2Story,Gd,Ex,Y,Attchd,155000
6,1216,1998,1998,1216,2,2,4500,Mitchel,1Story,TA,TA,Y,Attchd,164000
5,999,1962,2001,999,1,1,7758,Sawyer,1Story,TA,Gd,Y,Detchd,132500
5,1113,1950,2007,1113,1,1,9600,NAmes,1Story,Gd,Gd,Y,Attchd,147000
5,1073,1965,1965,1073,2,1,10289,NAmes,1Story,TA,TA,Y,Attchd,156000
5,1484,1971,1971,1484,2,2,12243,NWAmes,1Story,TA,TA,Y,Attchd,175000
5,2414,1900,1970,954,2,2,10800,OldTown,1.5Fin,TA,TA,N,Attchd,160000
4,630,1970,2002,630,1,1,1526,MeadowV,SFoyer,TA,Gd,Y,Attchd,86000
5,1304,1976,1976,264,1,1,2665,MeadowV,2Story,TA,TA,Y,BuiltIn,115000
6,1578,1941,1950,806,1,1,9490,NAmes,1.5Fin,TA,Fa,Y,Attchd,133000
6,1456,2006,2006,728,2,2,15578,Gilbert,2Story,Gd,TA,Y,Attchd,172785
5,1269,1960,1960,1269,1,1,7931,NAmes,1Story,TA,TA,Y,Detchd,155000
5,886,1938,1996,190,1,1,5784,OldTown,1Story,TA,TA,Y,Attchd,91300
4,720,1920,1950,720,0,1,7879,IDOTRR,1Story,TA,TA,N,,34900
8,3228,1992,1993,3200,2,3,12692,NoRidge,1Story,Gd,Gd,Y,Attchd,430000
7,1820,1925,1950,1026,1,2,9120,BrkSide,1.5Fin,TA,TA,Y,Detchd,184000
5,899,1967,2004,864,1,1,7800,Sawyer,1Story,TA,Gd,Y,Attchd,130000
5,912,1958,1985,912,1,1,7535,NAmes,1Story,TA,TA,Y,Attchd,120000
6,1218,1973,1973,672,1,1,1890,BrDale,2Story,TA,TA,Y,Detchd,113000
7,1768,2005,2005,866,2,2,9803,Somerst,2Story,Gd,Gd,Y,Attchd,226700
5,1214,1965,1965,1214,2,1,9170,Edwards,1Story,TA,TA,Y,Detchd,140000
7,1801,1959,1997,1501,2,2,15602,Crawfor,1Story,TA,TA,Y,Attchd,289000
6,1322,1974,1974,855,2,2,2308,NPkVill,2Story,TA,TA,Y,Attchd,147000
5,1960,1952,1952,960,2,2,7596,OldTown,2Story,TA,TA,Y,Detchd,124500
8,1911,1993,1994,777,2,2,9554,SawyerW,2Story,Gd,Gd,Y,Attchd,215000
6,1218,2009,2009,1218,2,2,7862,Somerst,1Story,Gd,Gd,Y,Attchd,208300
7,1378,1928,2005,689,2,2,9600,OldTown,2Story,TA,Gd,Y,Detchd,161000
5,1041,1959,1959,1041,1,1,9600,NAmes,1Story,TA,TA,Y,Attchd,124500
5,1363,1951,2000,1008,1,1,14559,NAmes,1Story,Gd,TA,Y,CarPort,164900
7,1368,2005,2006,1368,2,2,6792,NridgHt,1Story,Gd,Gd,Y,Attchd,202665
5,864,1958,1958,864,2,1,9100,NAmes,1Story,TA,TA,Y,Detchd,129900
6,1080,1983,1983,1084,2,1,9187,Mitchel,1Story,TA,TA,Y,Attchd,134000
5,789,1926,1950,768,1,1,10594,Crawfor,1.5Unf,TA,TA,N,Detchd,96500
10,2020,2009,2009,2006,3,2,12220,NridgHt,1Story,Ex,Ex,Y,Attchd,402861
6,2119,1972,1972,689,2,2,10448,NWAmes,SLvl,TA,TA,Y,Attchd,158000
7,2344,1996,1997,1264,3,2,10208,NoRidge,2Story,Gd,Gd,Y,Attchd,265000
6,1796,1998,1998,794,2,2,9531,CollgCr,2Story,TA,TA,Y,Attchd,211000
7,2080,1926,2004,1276,1,1,10918,Crawfor,2Story,Gd,Gd,Y,Detchd,234000
4,1294,1900,2000,0,0,2,10800,OldTown,2Story,TA,TA,N,,106250
6,1244,1957,1957,1244,1,1,11988,NAmes,1Story,TA,TA,Y,Attchd,150000
6,1664,1947,1950,1004,2,2,5000,BrkSide,1.5Fin,TA,TA,Y,Detchd,159000
10,4676,2007,2008,3138,3,3,40094,Edwards,2Story,Ex,Ex,Y,BuiltIn,184750
7,2398,1996,1997,1379,3,2,11787,NoRidge,2Story,Gd,Gd,Y,Attchd,315750
7,1266,2005,2005,1257,2,2,7500,Somerst,1Story,Gd,Gd,Y,Attchd,176000
5,928,1956,2000,928,1,1,13300,NAmes,1Story,TA,TA,Y,Attchd,132000
9,2713,2008,2008,1452,3,2,14948,NridgHt,2Story,Ex,Ex,Y,Attchd,446261
4,605,1920,2002,528,0,1,9098,Edwards,1Story,TA,TA,Y,,86000
6,2515,1957,1975,2035,2,3,32668,Crawfor,1Story,Gd,TA,Y,Attchd,200624
6,1509,1988,1989,1461,2,2,10200,Timber,SLvl,Gd,Gd,Y,Attchd,175000
6,1362,1920,1999,611,2,2,6155,BrkSide,2Story,TA,TA,Y,Detchd,128000
5,827,1955,2007,0,1,1,7200,NAmes,1Story,TA,TA,Y,Detchd,107500
1,334,1946,1950,0,0,1,5000,BrkSide,1Story,Fa,Fa,N,,39300
8,1414,2004,2004,707,2,2,9056,Gilbert,2Story,Gd,Gd,Y,Attchd,178000
5,1347,1910,1991,1117,0,1,7000,Edwards,2Story,TA,TA,Y,,107500
7,1724,1998,1999,880,2,2,8924,CollgCr,2Story,TA,Gd,Y,Attchd,188000
4,864,1972,1972,864,2,1,12735,NAmes,1Story,TA,TA,Y,Detchd,111250
5,1159,1968,1968,1051,1,1,11553,Sawyer,1Story,TA,TA,Y,Attchd,158000
8,1601,2001,2002,1581,2,2,11423,CollgCr,1Story,Gd,Gd,Y,Attchd,272000
9,1838,2006,2006,1838,3,2,14601,Timber,1Story,Ex,Ex,Y,Attchd,315000
8,2285,2000,2000,969,3,2,11000,NoRidge,2Story,Gd,Gd,Y,BuiltIn,248000
7,1680,1998,1999,1650,2,2,10140,NWAmes,1Story,Gd,Gd,Y,Attchd,213250
7,767,1998,1998,723,1,1,4058,NAmes,SFoyer,TA,TA,Y,Attchd,133000
7,1496,2006,2006,654,2,2,17104,Gilbert,2Story,Gd,Gd,Y,Attchd,179665
7,2183,1988,1988,1204,3,2,13837,NWAmes,1.5Fin,Gd,Gd,Y,Attchd,229000
6,1635,1923,1950,1065,2,1,8737,BrkSide,1.5Fin,TA,TA,Y,Detchd,210000
5,768,1970,1970,768,2,1,7244,Mitchel,SFoyer,TA,TA,Y,Detchd,129500
5,825,1955,1995,825,2,1,8235,OldTown,1Story,TA,TA,Y,Detchd,125000
7,2094,2003,2004,912,2,2,9375,Somerst,2Story,Gd,Gd,Y,BuiltIn,263000
6,1069,1977,1977,1069,2,2,4043,NPkVill,1Story,TA,TA,Y,Attchd,140000
5,928,1957,1957,928,1,1,6000,OldTown,1Story,TA,TA,Y,Attchd,112500
8,1717,2006,2006,1709,3,2,11146,NridgHt,1Story,Gd,Gd,Y,Attchd,255500
4,1126,1949,2003,0,2,2,8777,Edwards,1Story,TA,Gd,Y,Detchd,108000
7,2046,2003,2004,998,3,2,10625,NridgHt,2Story,Gd,Gd,Y,BuiltIn,284000
5,1048,1922,1950,993,1,1,6380,BrkSide,1.5Unf,TA,TA,Y,Detchd,113000
5,1092,1957,1957,1092,1,1,14850,NAmes,1Story,TA,TA,Y,Attchd,141000
4,1336,1920,1950,637,1,1,11040,IDOTRR,1.5Fin,TA,TA,Y,CarPort,108000
7,1446,1996,1997,729,2,2,21872,Gilbert,2Story,TA,TA,Y,Attchd,175000
7,1557,2003,2004,1374,2,2,3196,Blmngtn,1Story,Gd,Gd,Y,Attchd,234000
5,1392,1957,1996,1392,2,1,11341,Sawyer,1Story,TA,TA,Y,Detchd,121500
5,1389,1974,1975,1389,2,1,10010,Mitchel,1Story,TA,TA,Y,Attchd,170000
5,996,1940,1969,996,0,1,13907,Edwards,1Story,TA,TA,Y,,108000
6,1674,1918,1950,1163,2,2,21780,Edwards,1.5Fin,TA,TA,Y,Detchd,185000
7,2295,1992,2000,1095,2,2,13346,NoRidge,2Story,Gd,Gd,Y,Attchd,268000
6,1647,1915,1950,806,1,1,6858,SWISU,2Story,TA,Fa,N,Detchd,128000
9,2504,2005,2007,1122,3,2,11198,StoneBr,2Story,Gd,Ex,Y,BuiltIn,325000
7,1535,2004,2004,1517,2,2,10171,NridgHt,1Story,Gd,Gd,Y,Attchd,214000
8,2132,1983,2009,1496,2,1,12327,SawyerW,1.5Fin,Gd,Gd,Y,BuiltIn,316600
5,943,1979,1979,943,2,1,7032,NAmes,SFoyer,TA,TA,Y,Detchd,135960
5,1728,1965,1965,1728,2,2,13101,NAmes,1Story,TA,TA,Y,Detchd,142600
6,864,1959,1959,864,1,1,7332,NAmes,1Story,TA,Gd,Y,Attchd,120000
7,1692,2009,2009,846,2,2,13159,Timber,2Story,TA,Gd,Y,Attchd,224500
7,1430,2000,2000,384,2,2,9967,Gilbert,SLvl,TA,TA,Y,BuiltIn,170000
5,1109,1971,2005,372,1,1,10500,NAmes,SLvl,TA,TA,Y,BuiltIn,139000
5,1216,1947,1950,832,1,1,8480,NAmes,1.5Fin,TA,TA,Y,Detchd,118500
7,1477,1928,1950,861,1,2,6292,SWISU,1.5Fin,TA,TA,Y,Detchd,145000
5,1320,1966,1966,1164,2,1,11777,Sawyer,SLvl,TA,TA,Y,Attchd,164500
7,1392,2007,2007,689,2,2,3604,Somerst,2Story,Gd,Gd,Y,Detchd,146000
5,1795,1954,1954,1050,1,2,12150,OldTown,1.5Fin,TA,TA,N,Attchd,131500
6,1429,1960,1987,1144,2,1,14585,NAmes,1Story,TA,Gd,Y,Attchd,181900
8,2042,2008,2009,2042,3,2,12704,NridgHt,1Story,Ex,Ex,Y,Attchd,253293
6,816,1990,1990,816,0,1,11841,Edwards,SFoyer,TA,TA,Y,,118500
10,2775,1893,2000,1237,2,3,13500,OldTown,2.5Unf,Ex,Gd,Y,Detchd,325000
4,1573,1935,1995,884,1,1,6120,BrkSide,1.5Fin,TA,Gd,Y,Detchd,133000
8,2028,2005,2006,1868,3,2,11443,Timber,1Story,Gd,Gd,Y,Attchd,369900
6,838,1918,2000,816,1,1,10267,BrkSide,1Story,TA,Fa,Y,Detchd,130000
5,860,1982,1982,840,2,1,8740,Sawyer,SFoyer,TA,TA,Y,Detchd,137000
5,1473,1968,2003,1437,1,1,25095,ClearCr,1Story,TA,Ex,Y,Attchd,143000
5,935,1930,1960,742,1,1,9100,BrkSide,1Story,TA,TA,Y,Detchd,79500
7,1582,2004,2004,770,2,2,8320,CollgCr,2Story,Gd,Gd,Y,Attchd,185900
10,2296,2008,2008,1722,3,2,13478,NridgHt,2Story,Ex,Ex,Y,BuiltIn,451950
5,816,1982,2003,816,2,1,6600,Mitchel,1Story,TA,TA,Y,Detchd,138000
6,848,2003,2003,848,2,1,4435,CollgCr,1Story,Gd,Gd,Y,Attchd,140000
5,924,1975,1975,924,1,1,7990,CollgCr,1Story,TA,TA,Y,Detchd,110000
8,1826,2005,2006,1814,3,2,11302,StoneBr,1Story,Gd,Gd,Y,Attchd,319000
6,1368,1910,1993,684,1,1,3600,OldTown,2Story,TA,TA,N,Detchd,114504
7,1402,2006,2007,1258,3,0,3922,Blmngtn,1Story,Gd,Gd,Y,Attchd,194201
5,1647,1977,1977,1430,2,2,12984,Crawfor,1Story,TA,Gd,Y,Attchd,217500
6,1556,1980,1980,716,2,2,1950,Blueste,2Story,TA,TA,Y,Attchd,151000
8,1904,2005,2005,1058,2,2,10927,NridgHt,2Story,Gd,Ex,Y,BuiltIn,275000
6,1375,1937,1950,780,1,1,9000,IDOTRR,1.5Fin,TA,Gd,Y,Detchd,141000
8,1915,1992,1992,908,2,2,10041,SawyerW,2Story,Gd,Gd,Y,Attchd,220000
7,1200,2004,2005,600,2,2,3182,Somerst,2Story,Gd,Gd,Y,Detchd,151000
7,1494,2002,2002,1494,2,2,12803,CollgCr,1Story,Gd,Gd,Y,Attchd,221000
7,1986,1965,1990,768,2,2,13600,NAmes,2Story,TA,TA,Y,Attchd,205000
5,1040,1996,1996,1040,2,1,12464,CollgCr,1Story,TA,Gd,Y,Detchd,152000
5,2008,1948,2002,896,1,3,7800,Edwards,2Story,TA,Ex,Y,Attchd,225000
8,3194,1934,1998,965,2,2,12168,Crawfor,2Story,TA,TA,Y,Basment,359100
4,1029,1961,1961,1029,1,1,7943,Sawyer,1Story,TA,TA,Y,Attchd,118500
9,2153,2000,2000,1440,3,2,11050,CollgCr,2Story,Gd,Ex,Y,Attchd,313000
6,1032,1978,1978,1032,2,2,10395,NWAmes,SLvl,TA,TA,Y,Attchd,148000
8,1872,2001,2001,1299,2,2,11885,CollgCr,2Story,Gd,Ex,Y,BuiltIn,261500
5,1120,2007,2007,1120,0,1,8402,Mitchel,1Story,TA,TA,Y,,147000
4,630,1972,1972,630,0,1,1491,MeadowV,SFoyer,TA,TA,Y,,75500
6,1054,1963,1963,936,2,1,8800,NAmes,SFoyer,TA,Gd,Y,Attchd,137500
6,1509,2002,2003,783,2,2,7861,Gilbert,2Story,Gd,Gd,Y,Attchd,183200
6,832,1954,1954,832,2,1,7227,NAmes,1.5Unf,TA,Gd,Y,Detchd,105500
9,1828,2007,2007,1822,3,2,11694,NridgHt,1Story,Ex,Gd,Y,Attchd,314813
8,2262,2003,2003,1482,3,2,12244,Timber,2Story,Gd,Gd,Y,Attchd,305000
3,864,1914,1950,864,0,1,8248,Edwards,1Story,TA,TA,N,,67000
6,2614,1974,1997,1522,2,2,10800,NWAmes,2Story,TA,TA,Y,Attchd,240000
5,980,1977,1977,980,2,1,7064,Sawyer,1Story,TA,TA,Y,Detchd,135000
6,1512,2000,2000,756,2,2,2117,Somerst,2Story,Gd,Gd,Y,Detchd,168500
6,1790,1972,1972,732,2,1,10400,NWAmes,2Story,TA,TA,Y,Attchd,165150
6,1116,1962,1962,1116,2,1,10000,NAmes,1Story,TA,TA,Y,Attchd,160000
5,1422,1960,1978,978,1,1,12342,NAmes,1Story,TA,TA,Y,Attchd,139900
6,1520,1955,1972,1156,1,1,9600,NAmes,SLvl,TA,TA,Y,Basment,153000
5,2080,1969,1969,1040,2,1,11606,NAmes,2Story,TA,Fa,Y,Attchd,135000
6,1350,1964,1964,1248,2,1,9020,NAmes,SLvl,TA,TA,Y,Attchd,168500
5,1750,1880,1991,636,1,1,9000,OldTown,2Story,TA,Ex,Y,Detchd,124000
8,1554,2006,2006,1554,2,2,4590,NridgHt,1Story,Gd,Gd,Y,Attchd,209500
7,1411,1977,1977,1386,2,2,11900,NWAmes,1Story,TA,TA,Y,Attchd,82500
5,1056,1954,2005,1056,1,1,9250,NAmes,1Story,TA,TA,Y,Attchd,139400
6,1056,1980,1980,1056,2,0,6979,OldTown,SFoyer,TA,TA,Y,Detchd,144000
6,3395,1914,1995,1440,0,2,10896,SWISU,2.5Fin,Fa,Fa,Y,,200000
2,800,1936,1950,264,0,1,6120,BrkSide,1Story,Fa,Fa,N,,60000
5,1387,1954,1954,811,1,2,6000,OldTown,1.5Fin,TA,Gd,Y,BuiltIn,93000
5,796,1910,1950,796,0,1,8777,Edwards,1Story,TA,TA,Y,,85000
8,1567,2006,2006,1520,3,2,3982,Blmngtn,1Story,Gd,Ex,Y,Attchd,264561
8,1518,2003,2004,1518,2,1,12677,NridgHt,1Story,Ex,Ex,Y,Attchd,274000
7,1929,2001,2001,1057,2,2,7050,Somerst,2Story,Gd,Gd,Y,Attchd,226000
8,2704,1972,1995,1952,2,2,13860,NAmes,SLvl,Gd,Ex,Y,Attchd,345000
5,1620,1969,1969,780,2,2,10793,NWAmes,2Story,TA,TA,Y,Attchd,152000
9,1766,2009,2009,1766,3,2,9187,Somerst,1Story,Ex,Ex,Y,Attchd,370878
6,981,1971,1971,981,2,1,10530,NAmes,1Story,TA,TA,Y,Detchd,143250
5,1048,1950,1950,0,2,1,7200,NAmes,1Story,TA,TA,Y,Detchd,98300
6,1094,1953,1953,1094,2,1,10452,Edwards,1Story,TA,TA,Y,Attchd,155000
6,1839,1966,1966,756,2,1,7700,NAmes,2Story,TA,TA,Y,Attchd,155000
4,630,1970,1970,630,0,1,1936,MeadowV,SFoyer,TA,TA,Y,,84500
7,1665,2007,2007,813,2,2,8125,Somerst,2Story,Gd,Gd,Y,Attchd,205950
4,1510,1940,1950,755,1,1,9084,Edwards,2Story,TA,TA,Y,Detchd,108000
7,1716,1996,1996,880,2,2,8750,CollgCr,2Story,Gd,Gd,Y,Attchd,191000
6,1469,1906,1995,756,1,1,10320,IDOTRR,1.5Fin,TA,TA,Y,Detchd,135000
8,2113,1995,1995,2109,3,2,10437,NoRidge,1Story,Gd,Gd,Y,Attchd,350000
6,1092,1971,1971,525,1,1,1680,BrDale,2Story,TA,TA,Y,Detchd,88000
5,1053,1959,2006,1053,1,1,10007,NAmes,1Story,Gd,Gd,Y,Attchd,145500
7,1502,1931,2000,776,1,1,7200,Crawfor,2Story,TA,TA,Y,Attchd,149000
6,1458,1948,1950,912,1,1,17503,NAmes,1.5Fin,TA,TA,Y,Attchd,97500
5,1486,1964,1999,1486,2,1,9937,Edwards,1Story,TA,TA,Y,Detchd,167000
7,1935,1976,1976,793,2,2,12384,NWAmes,2Story,TA,TA,Y,Attchd,197900
8,2448,1994,2005,1629,3,2,46589,NoRidge,2Story,Gd,Gd,Y,Attchd,402000
6,1392,1968,1968,1392,2,1,13560,NAmes,1Story,TA,TA,Y,Attchd,110000
4,1181,1972,1972,1138,2,2,10012,Edwards,SFoyer,TA,TA,Y,Detchd,137500
8,2097,2005,2006,2077,3,1,20896,Somerst,1Story,Gd,Ex,Y,Attchd,423000
8,1936,2000,2000,1406,2,2,11194,Gilbert,2Story,Gd,Gd,Y,Attchd,230500
6,2380,1965,1979,1021,2,2,18450,NAmes,2Story,TA,TA,Y,CarPort,129000
6,1679,1994,1998,1408,2,2,8125,SawyerW,1Story,TA,Gd,Y,Attchd,193500
5,1437,1956,1987,1188,2,1,14175,Sawyer,1Story,TA,TA,Y,Detchd,168000
4,1180,1922,1950,700,1,1,11600,Crawfor,1Story,TA,Fa,Y,Detchd,137500
6,1476,2005,2005,738,2,2,8633,CollgCr,2Story,Gd,Gd,Y,Attchd,173500
6,1369,1925,1950,672,1,2,6629,Edwards,2Story,TA,TA,N,Detchd,103600
6,1208,1977,1977,1208,2,1,11250,Veenker,1Story,Gd,TA,Y,Attchd,165000
6,1839,1957,2004,1477,2,2,14442,Crawfor,1Story,TA,Gd,Y,Attchd,257500
6,1136,1965,1965,1136,1,1,9200,NAmes,1Story,TA,TA,Y,Attchd,140000
6,1441,1978,1978,855,2,2,2289,NPkVill,2Story,TA,TA,Y,Attchd,148500
4,1774,1900,1950,1095,3,2,9600,OldTown,2Story,TA,TA,N,2Types,87000
5,792,1924,2006,768,1,1,9022,OldTown,1Story,Gd,Gd,Y,Detchd,109500
8,2046,2008,2008,2046,3,2,11844,StoneBr,1Story,Gd,Gd,Y,Attchd,372500
5,988,1961,1961,988,2,1,9945,Sawyer,1Story,TA,TA,Y,Detchd,128500
6,923,1980,1980,923,1,2,8012,SawyerW,1Story,TA,TA,Y,Attchd,143000
5,1520,1932,2000,793,1,1,4500,SWISU,1.5Fin,TA,TA,Y,Detchd,159434
6,1291,1996,1997,1291,2,1,2887,ClearCr,1Story,TA,Gd,Y,Attchd,173000
9,1668,2002,2002,1626,3,2,11248,CollgCr,1Story,Gd,Gd,Y,Attchd,285000
7,1839,1998,1998,1195,2,2,16770,NoRidge,2Story,Gd,TA,Y,Attchd,221000
7,2090,1984,1984,1190,2,2,5062,StoneBr,2Story,Gd,Gd,Y,Attchd,207500
7,1761,2007,2007,874,2,3,10207,Somerst,2Story,Gd,Gd,Y,Attchd,227875
7,1102,2004,2004,551,2,2,5105,Somerst,2Story,Gd,Gd,Y,Detchd,148800
8,1419,2007,2007,1419,2,2,8089,StoneBr,1Story,Gd,Gd,Y,Attchd,392000
6,1362,2005,2006,1362,2,2,7577,NridgHt,1Story,Gd,Gd,Y,Attchd,194700
6,848,2004,2004,848,2,1,4426,CollgCr,1Story,Gd,Gd,Y,Attchd,141000
10,4316,1994,1995,2444,3,3,21535,NoRidge,2Story,Ex,Ex,Y,Attchd,755000
7,2519,1989,1990,1210,2,2,26178,Timber,2Story,Gd,Gd,Y,Attchd,335000
5,1073,1921,1968,1073,1,1,5400,OldTown,1Story,TA,TA,Y,Detchd,108480
5,1539,1936,1950,927,2,1,6120,BrkSide,1.5Fin,TA,TA,Y,Detchd,141500
6,1137,1987,1987,1112,2,2,13811,Timber,1Story,TA,Gd,Y,Attchd,176000
5,616,1921,1950,616,1,1,6000,BrkSide,1Story,TA,TA,Y,Detchd,89000
5,1148,1952,1952,980,1,1,6420,Edwards,1Story,TA,TA,Y,Detchd,123500
5,894,1965,2009,894,1,1,8450,Sawyer,1Story,TA,TA,Y,Detchd,138500
7,1391,2004,2004,1391,2,2,4282,Somerst,1Story,Gd,Gd,Y,Attchd,196000
8,1800,2002,2002,1800,3,2,14331,Timber,1Story,Gd,Gd,Y,Attchd,312500
7,1164,1969,1969,1164,2,1,9600,NWAmes,1Story,TA,TA,Y,Attchd,140000
8,2576,2006,2006,1234,3,2,12438,StoneBr,2Story,Ex,Ex,Y,BuiltIn,361919
5,1812,1900,1996,360,2,2,7630,OldTown,2Story,TA,Gd,Y,Detchd,140000
7,1484,2004,2005,1473,2,2,8400,CollgCr,1Story,Gd,Gd,Y,Attchd,213000
4,1092,1930,1950,0,0,2,5600,IDOTRR,2Story,Fa,Fa,N,,55000
7,1824,1971,2002,1643,2,2,115149,ClearCr,1Story,TA,Gd,Y,Attchd,302000
8,1324,2006,2006,1324,2,2,6240,NridgHt,1Story,Gd,Gd,Y,Attchd,254000
7,1456,2007,2007,728,2,2,9018,Gilbert,2Story,Gd,Gd,Y,Attchd,179540
5,904,1966,1966,876,1,1,7162,Sawyer,1Story,TA,TA,Y,Attchd,109900
3,729,1935,2003,270,0,1,4130,BrkSide,1Story,Gd,TA,Y,,52000
4,1178,1900,1950,859,1,1,8712,IDOTRR,1.5Fin,TA,TA,Y,Detchd,102776
8,1228,1988,1989,1228,2,2,4671,StoneBr,1Story,Gd,Gd,Y,Attchd,189000
4,960,1970,1970,960,2,1,9873,BrkSide,1Story,TA,TA,N,Detchd,129000
6,1479,1976,2005,725,2,2,13517,Sawyer,2Story,Gd,Gd,Y,Attchd,130500
6,1350,1974,1974,1064,2,2,10140,NWAmes,1Story,TA,TA,Y,Attchd,165000
7,2554,1890,1998,718,2,1,10800,OldTown,2Story,TA,TA,Y,Detchd,159500
5,1178,1973,2000,1176,2,1,10000,NWAmes,1Story,TA,Gd,Y,Attchd,157000
7,2418,1993,1994,1311,3,2,10542,NoRidge,2Story,Gd,Gd,Y,Attchd,341000
5,971,1969,1969,971,1,1,9920,CollgCr,1Story,TA,TA,Y,Attchd,128500
8,1742,1985,1985,1742,2,2,6563,StoneBr,1Story,Gd,Gd,Y,Attchd,275000
6,848,2004,2004,848,2,1,4426,CollgCr,1Story,Gd,Gd,Y,Attchd,143000
4,864,1970,1970,864,2,1,8120,NAmes,1Story,TA,TA,Y,Detchd,124500
4,1470,1954,1972,941,1,2,8172,Edwards,1.5Fin,TA,TA,Y,Detchd,135000
9,1698,2007,2008,1698,3,2,13286,Edwards,1Story,Ex,Ex,Y,Attchd,320000
4,864,1970,1970,864,2,1,6960,NAmes,1Story,TA,Gd,Y,Detchd,120500
6,1680,1988,2007,880,2,2,21695,Crawfor,1Story,Gd,Gd,Y,Attchd,222000
7,1232,2007,2007,1232,2,2,7314,CollgCr,1Story,Gd,Gd,Y,Attchd,194500
5,1776,1958,1958,1584,3,2,11475,NAmes,1Story,TA,TA,Y,Detchd,110000
4,1208,1925,1950,780,2,1,6240,IDOTRR,1.5Fin,TA,TA,Y,Detchd,103000
8,1616,1995,1996,1595,2,2,5389,StoneBr,1Story,Gd,Gd,Y,Attchd,236500
7,1146,2003,2003,868,2,2,9590,Timber,SLvl,Gd,Gd,Y,Attchd,187500
7,2031,1998,1999,1153,2,2,11404,CollgCr,2Story,Gd,Gd,Y,Attchd,222500
5,1144,1961,1983,864,1,1,10000,Sawyer,1Story,TA,TA,Y,Attchd,131400
5,948,1968,1968,948,1,1,8978,Sawyer,1Story,TA,TA,Y,Attchd,108000
7,1768,1914,1970,880,2,1,10800,OldTown,2.5Unf,TA,TA,N,Detchd,163000
3,1040,1950,1950,0,2,2,8544,NAmes,1Story,TA,TA,N,Detchd,93500
8,1801,2005,2005,893,3,2,10463,Gilbert,2Story,Gd,Gd,Y,Attchd,239900
5,1200,1987,1988,1200,0,3,10800,Edwards,1Story,TA,TA,Y,,179000
7,1728,2004,2004,864,2,2,9313,CollgCr,2Story,Gd,Gd,Y,Attchd,190000
5,1432,1910,2002,264,2,2,9600,OldTown,2Story,TA,TA,Y,Detchd,132000
6,912,1961,1996,912,1,1,6768,Sawyer,1Story,TA,Gd,Y,Detchd,142000
7,1349,2000,2001,1349,2,2,8450,SawyerW,1Story,TA,TA,Y,Attchd,179000
5,1464,1963,1999,520,2,2,12886,Sawyer,SLvl,TA,TA,Y,Attchd,175000
8,1337,1993,1993,1337,2,2,5395,StoneBr,1Story,Gd,Gd,Y,Attchd,180000
8,2715,1976,1996,1142,2,3,8963,NWAmes,2Story,Ex,Gd,Y,BuiltIn,299800
7,2256,2000,2000,952,2,2,8795,Gilbert,2Story,Gd,Gd,Y,BuiltIn,236000
7,2640,1880,2003,1240,4,1,11700,OldTown,2Story,Gd,Gd,N,Detchd,265979
7,1720,1996,1996,1720,2,2,10593,NoRidge,1Story,Gd,Gd,Y,Attchd,260400
4,1529,1945,1950,0,1,2,8405,Edwards,1.5Fin,TA,TA,N,Detchd,98000
4,1140,1910,2004,576,0,1,8800,OldTown,1.5Fin,TA,TA,Y,,96500
7,1320,2003,2003,660,2,2,7750,Gilbert,2Story,Gd,Gd,Y,Attchd,162000
6,1494,1997,1997,1479,2,2,9236,CollgCr,1Story,TA,Gd,Y,Attchd,217000
8,2098,2005,2005,1030,3,2,10240,NridgHt,2Story,Gd,Ex,Y,Attchd,275500
6,1026,1969,2005,1026,2,1,7930,NAmes,1Story,TA,Gd,Y,Detchd,156000
6,1471,1999,1999,729,2,2,3230,Somerst,2Story,TA,TA,Y,Detchd,172500
8,1768,2007,2007,866,2,2,10769,CollgCr,2Story,Gd,Gd,Y,Attchd,212000
6,1386,1978,1978,672,2,2,11616,Sawyer,2Story,TA,TA,Y,Attchd,158900
7,1501,1999,1999,744,2,2,2280,Somerst,2Story,TA,TA,Y,Detchd,179400
8,2531,1995,1995,1318,3,2,12257,NoRidge,2Story,Gd,Gd,Y,Attchd,290000
6,864,1959,1959,864,1,1,9100,NAmes,1Story,TA,TA,Y,Detchd,127500
5,1301,1924,1950,1145,2,1,6911,BrkSide,1Story,TA,Fa,Y,Detchd,100000
7,1547,2009,2009,756,2,2,8640,Somerst,2Story,TA,Gd,Y,Attchd,215200
8,2365,1999,1999,1252,3,2,9430,NoRidge,2Story,Gd,Gd,Y,Attchd,337000
8,1494,1995,1996,1494,2,1,9549,Veenker,1Story,Gd,Ex,Y,Attchd,270000
9,1506,2008,2008,1498,2,2,14587,Somerst,1Story,Gd,Ex,Y,Attchd,264132
7,1714,1988,1988,980,2,2,10421,NWAmes,2Story,TA,TA,Y,Attchd,196500
6,1750,1940,1985,983,1,2,12508,Mitchel,1.5Fin,TA,TA,Y,Attchd,160000
7,1836,2004,2005,1860,2,2,9100,CollgCr,1Story,Gd,Gd,Y,Attchd,216837
8,3279,2003,2003,1650,3,3,53504,StoneBr,2Story,Ex,Ex,Y,BuiltIn,538000
5,858,1982,1982,858,2,1,7252,Sawyer,SFoyer,TA,TA,Y,Detchd,134900
4,1220,1951,1951,836,2,1,8877,Edwards,1Story,TA,TA,Y,Detchd,102000
6,1117,1976,1976,1029,2,1,7819,Edwards,SLvl,TA,TA,Y,Detchd,107000
5,912,1958,1958,912,1,1,10150,NAmes,1Story,TA,TA,Y,Attchd,114500
8,1973,2006,2006,1935,3,2,14226,NridgHt,1Story,Gd,Gd,Y,Attchd,395000
6,1204,1998,1998,1204,2,2,4500,Mitchel,1Story,TA,TA,Y,Attchd,162000
7,1614,2005,2006,1614,3,2,11210,CollgCr,1Story,Gd,Gd,Y,Attchd,221500
5,894,1974,1974,864,2,1,13350,Sawyer,1Story,TA,TA,Y,Attchd,142500
5,2020,1977,1977,0,2,2,8400,SawyerW,1Story,TA,TA,Y,Detchd,144000
6,1004,1977,1977,975,2,1,10530,Mitchel,SFoyer,TA,TA,Y,Attchd,135000
7,1253,1995,1996,1237,2,2,7875,Gilbert,1Story,TA,TA,Y,Attchd,176000
6,1603,1992,1992,761,2,2,7153,SawyerW,2Story,Gd,Gd,Y,Attchd,175900
7,1430,2001,2002,1413,2,2,16285,CollgCr,1Story,Gd,Gd,Y,Attchd,187100
5,1110,1978,1978,1097,2,1,9101,Mitchel,SFoyer,TA,Gd,Y,Attchd,165500
6,1484,1914,2001,742,0,2,6300,OldTown,2.5Unf,TA,TA,Y,,128000
6,1342,1967,1967,1372,2,2,9790,NWAmes,1Story,TA,TA,Y,Attchd,161500
5,1652,1915,1950,686,1,2,10800,OldTown,1.5Fin,TA,TA,Y,Detchd,139000
7,2084,2004,2004,956,2,2,10142,SawyerW,2Story,Gd,Gd,Y,BuiltIn,233000
4,901,1954,2000,901,1,1,6000,OldTown,1Story,TA,TA,Y,Detchd,107900
6,2087,1966,2007,832,2,2,12205,ClearCr,2Story,TA,Gd,Y,Attchd,187500
7,1145,2005,2006,1145,2,2,3182,Blmngtn,1Story,Gd,Gd,Y,Attchd,160200
6,1062,1976,1976,1029,2,1,11333,Mitchel,SLvl,TA,TA,Y,Attchd,146800
7,2013,1996,1997,1117,2,2,9920,NoRidge,2Story,Gd,TA,Y,Attchd,269790
8,1496,2007,2007,1496,2,2,9158,Somerst,1Story,Gd,Gd,Y,Attchd,225000
7,1895,1994,1996,712,2,2,10832,Gilbert,2Story,Gd,Gd,Y,Attchd,194500
6,1564,1980,1981,650,2,2,8400,SawyerW,2Story,TA,TA,Y,Attchd,171000
6,1285,1977,1977,660,2,1,8197,Sawyer,1Story,TA,TA,Y,Attchd,143500
5,773,1953,1953,773,1,1,7677,NAmes,1Story,TA,TA,Y,Attchd,110000
9,3140,2008,2009,1926,3,3,13518,NridgHt,2Story,Ex,Ex,Y,BuiltIn,485000
5,1768,1937,1950,731,1,1,7200,SWISU,1.5Fin,TA,Gd,Y,Detchd,175000
6,1688,1997,1997,616,2,2,12798,ClearCr,2Story,TA,Gd,Y,Attchd,200000
4,1196,1916,1990,1196,2,1,4800,IDOTRR,1Story,TA,TA,Y,Detchd,109900
7,1456,2005,2005,728,2,2,8199,CollgCr,2Story,Gd,Gd,Y,Attchd,189000
9,2822,2008,2009,1734,3,3,13891,NridgHt,2Story,Ex,Ex,Y,BuiltIn,582933
5,1128,1954,1954,936,1,1,9000,NAmes,1Story,TA,TA,Y,Attchd,118000
7,1428,2008,2008,1417,2,2,12274,Somerst,1Story,Gd,Ex,Y,Attchd,227680
5,980,1967,1967,980,1,2,9750,NAmes,SLvl,TA,TA,Y,Attchd,135500
5,1576,1923,2004,1324,2,1,21384,BrkSide,2Story,TA,Gd,Y,Attchd,223500
5,1086,1966,1966,1024,2,1,13400,NAmes,SLvl,TA,TA,Y,Attchd,159950
5,2138,1898,1965,849,2,2,8100,OldTown,2.5Unf,TA,TA,N,Detchd,106000
6,1309,1974,1999,1040,2,1,10140,NWAmes,1Story,TA,Gd,Y,Attchd,181000
6,848,2004,2004,848,2,1,4438,CollgCr,1Story,Gd,Gd,Y,Attchd,144500
5,1044,1952,1952,540,2,1,8712,IDOTRR,1Story,Fa,Fa,N,Basment,55993
6,1442,1958,1958,1442,1,1,9750,NAmes,1Story,TA,TA,Y,Attchd,157900
5,1250,1918,1950,686,1,1,8248,Edwards,1.5Fin,TA,Fa,Y,Detchd,116000
7,1661,1998,1998,1649,2,2,12137,CollgCr,1Story,TA,Gd,Y,Attchd,224900
5,1008,1954,1954,1008,1,1,11425,NAmes,1Story,TA,TA,Y,Attchd,137000
8,1689,2002,2002,1568,3,2,13265,Mitchel,1Story,Gd,Gd,Y,Attchd,271000
6,1052,1971,1971,1010,2,1,8816,ClearCr,SLvl,TA,TA,Y,Attchd,155000
7,1358,2009,2010,1358,2,2,6371,NridgHt,1Story,Gd,Gd,Y,Attchd,224000
7,1640,2003,2003,798,2,2,7226,CollgCr,2Story,Gd,Gd,Y,Attchd,183000
4,936,1953,1953,936,2,1,6000,OldTown,1Story,Fa,TA,N,Detchd,93000
7,1733,2003,2003,847,2,2,12394,Gilbert,2Story,Gd,Gd,Y,BuiltIn,225000
6,1489,1940,1950,778,1,2,9900,SWISU,1.5Fin,TA,TA,Y,Detchd,139500
8,1489,2006,2006,1489,2,2,11216,Somerst,1Story,Gd,Gd,Y,Attchd,232600
10,2084,2007,2008,2078,3,2,14803,NridgHt,1Story,Ex,Ex,Y,Attchd,385000
5,784,1924,1950,784,0,1,6130,BrkSide,1.5Unf,TA,Gd,Y,,109500
7,1434,2001,2001,1454,2,2,8529,SawyerW,1Story,Gd,Gd,Y,Attchd,189000
5,2126,1967,1967,1013,2,2,28698,ClearCr,2Story,TA,TA,Y,Attchd,185000
7,1223,2005,2005,600,2,2,2544,Somerst,2Story,Gd,Gd,Y,Detchd,147400
6,1392,1957,1957,1392,2,1,11900,NAmes,1Story,TA,TA,Y,Attchd,166000
7,1200,2005,2005,600,2,2,3180,Somerst,2Story,TA,Gd,Y,Detchd,151000
7,1829,2003,2003,941,2,2,9548,CollgCr,2Story,Gd,Gd,Y,Attchd,237000
6,1516,1964,1964,1516,2,1,10004,NAmes,1Story,TA,TA,Y,Attchd,167000
5,1144,1961,1961,1144,2,1,7875,NAmes,1Story,TA,TA,Y,Attchd,139950
4,1067,1950,1995,1067,2,2,9600,Sawyer,1Story,TA,Gd,Y,Attchd,128000
5,1559,1948,1973,1559,2,1,8100,OldTown,1Story,TA,TA,Y,Detchd,153500
6,987,1973,1973,483,1,1,1680,BrDale,2Story,TA,TA,Y,Detchd,100000
5,1099,1995,2006,1099,1,1,9525,CollgCr,1Story,TA,Gd,Y,Attchd,144000
5,1200,1946,1995,768,1,1,11767,Edwards,1.5Fin,TA,TA,Y,Detchd,130500
6,1482,1925,1950,672,1,2,12155,SWISU,2Story,TA,Fa,N,Detchd,140000
5,1539,1904,2002,650,2,2,10440,OldTown,2Story,TA,Gd,Y,Detchd,157500
6,1165,1966,1966,1127,2,1,9020,NAmes,SLvl,TA,TA,Y,Attchd,174900
5,1800,1961,1961,1800,0,2,8000,NAmes,1Story,TA,TA,N,,141000
5,1416,1915,1950,876,3,1,12665,OldTown,1.5Fin,TA,TA,Y,Detchd,153900
5,1701,1975,1981,1390,2,2,16647,Sawyer,SFoyer,TA,TA,Y,Basment,171000
7,1775,1993,1993,740,2,2,9317,SawyerW,2Story,Gd,Gd,Y,Attchd,213000
5,864,1972,1972,864,1,1,15523,CollgCr,1Story,TA,TA,Y,Attchd,133500
6,2358,1908,1997,907,2,3,45600,ClearCr,1.5Fin,TA,TA,Y,Detchd,240000
6,1855,1976,1994,528,2,2,9600,Veenker,SLvl,Gd,TA,Y,Attchd,187000
6,848,2003,2003,848,2,1,4435,CollgCr,1Story,Gd,Gd,Y,Attchd,131500
8,1456,2003,2003,1273,2,2,3196,Blmngtn,1Story,Gd,Gd,Y,Attchd,215000
7,1646,1941,1950,918,1,2,7128,Crawfor,2.5Unf,TA,TA,Y,Detchd,164000
6,1445,1964,1964,1127,2,1,12095,NAmes,SLvl,TA,TA,Y,Attchd,158000
5,1779,1955,1974,1763,2,1,17920,Sawyer,1Story,TA,TA,Y,Attchd,170000
5,1040,1962,2010,1040,1,1,6897,Sawyer,1Story,TA,TA,Y,Detchd,127000
6,1026,1978,1978,940,2,1,10970,CollgCr,SLvl,TA,TA,Y,Detchd,147000
6,1481,1994,1995,702,2,2,8125,Gilbert,2Story,TA,TA,Y,Attchd,174000
7,1370,1976,1976,1090,2,2,10400,NWAmes,1Story,TA,TA,Y,Attchd,152000
6,2654,1968,1984,1054,2,2,11029,NWAmes,2Story,TA,Gd,Y,Attchd,250000
7,1426,1918,1998,912,1,1,7642,Crawfor,1.5Fin,Gd,Gd,Y,Detchd,189950
5,1039,1965,1965,1039,2,1,11625,Sawyer,1Story,TA,TA,Y,Attchd,131500
6,1097,1984,1985,1040,2,2,9672,SawyerW,1Story,TA,TA,Y,Attchd,152000
5,1148,1959,1959,1148,1,1,7931,NAmes,1Story,TA,TA,Y,Attchd,132500
7,1372,2007,2008,1372,2,2,8640,Somerst,1Story,Gd,Gd,Y,Attchd,250580
5,1002,1970,1970,1002,2,1,8750,NAmes,1Story,TA,TA,Y,Detchd,148500
8,1646,2006,2007,1638,3,2,10656,Timber,1Story,Gd,Gd,Y,Attchd,248900
4,1120,1961,1961,1040,2,1,6970,Sawyer,1Story,TA,Fa,Y,Attchd,129000
5,2320,1948,1950,0,2,2,14762,Gilbert,2Story,TA,TA,Y,Attchd,169000
7,1949,1993,1994,1050,2,2,9938,SawyerW,2Story,Gd,Gd,Y,Attchd,236000
5,894,1962,1962,894,1,1,6600,NAmes,1Story,TA,TA,N,Detchd,109500
6,1682,1998,1998,804,2,2,8750,CollgCr,2Story,TA,Gd,Y,Attchd,200500
5,910,1953,1996,105,2,1,8892,NAmes,1Story,Gd,Gd,Y,Attchd,116000
5,1268,1949,1950,832,1,1,12144,NAmes,1Story,Gd,TA,Y,Attchd,133000
5,1131,1941,1950,676,1,1,5720,OldTown,1.5Fin,TA,TA,Y,Detchd,66500
8,2610,2007,2007,1184,2,2,9000,Somerst,2Story,Gd,Ex,Y,BuiltIn,303477
4,1040,1963,1963,1064,2,1,25286,Mitchel,1Story,TA,TA,Y,Attchd,132250
9,2224,2004,2005,1462,3,2,8834,NridgHt,2Story,Gd,Ex,Y,Attchd,350000
5,1155,1961,1995,1109,2,1,11782,Sawyer,SFoyer,TA,Gd,Y,Detchd,148000
5,864,1978,2005,864,1,1,7000,CollgCr,1Story,Gd,TA,Y,Attchd,136500
5,1090,2005,2006,1090,2,1,7024,Edwards,1Story,TA,TA,Y,Attchd,157000
7,1717,1990,1991,1156,2,2,13758,Timber,1.5Fin,Gd,Gd,Y,Attchd,187500
6,1593,1992,1993,808,2,2,9636,Gilbert,2Story,TA,TA,Y,BuiltIn,178000
4,2230,1912,1950,795,1,1,6204,SWISU,2.5Fin,Gd,TA,N,Detchd,118500
5,892,1967,1967,892,1,1,7150,NAmes,1Story,TA,TA,Y,Attchd,100000
9,1709,1999,2000,1698,2,2,5119,Somerst,1Story,Gd,Gd,Y,Attchd,328900
5,1712,1959,2005,1626,2,2,8393,NAmes,1Story,TA,TA,Y,Attchd,145000
5,1393,1955,1955,816,1,1,16466,Edwards,1.5Fin,TA,TA,Y,Attchd,135500
8,2217,1970,1970,2217,2,2,15865,NAmes,1Story,Gd,Gd,Y,Attchd,268000
6,1505,1953,1953,1505,2,1,12160,NAmes,1Story,TA,TA,Y,Attchd,149500
5,924,1949,2006,672,2,1,8064,NAmes,1.5Fin,TA,TA,Y,Detchd,122900
6,1683,1978,1978,918,2,2,11184,Sawyer,2Story,TA,TA,Y,Attchd,172500
6,1068,1963,2003,1059,1,1,8414,Sawyer,1Story,TA,TA,Y,Attchd,154500
5,1383,1954,1954,1383,1,1,13284,Sawyer,1Story,TA,TA,Y,Attchd,165000
5,1535,1979,1979,0,2,2,7018,SawyerW,1Story,TA,TA,Y,Attchd,118858
6,1796,1963,1963,780,2,1,7056,NAmes,2Story,TA,TA,Y,Attchd,140000
4,951,1936,1950,951,1,1,8765,IDOTRR,1Story,TA,TA,N,Detchd,106500
5,2240,1979,1979,0,2,2,7018,SawyerW,2Story,TA,TA,Y,Detchd,142953
9,2364,2009,2010,2330,3,2,12919,NridgHt,1Story,Ex,Ex,Y,Attchd,611657
5,1236,1961,1994,912,1,1,6993,Sawyer,1Story,TA,TA,Y,Attchd,135000
4,858,1971,1971,858,1,1,7340,NAmes,1Story,TA,TA,Y,Detchd,110000
5,1306,1957,2000,992,1,1,8712,NAmes,1Story,TA,TA,Y,Detchd,153000
7,1509,2003,2003,783,2,2,7875,Gilbert,2Story,Gd,Gd,Y,Attchd,180000
7,1670,2006,2006,1670,3,2,14859,Gilbert,1Story,Gd,Gd,Y,Attchd,240000
5,902,1967,1967,876,1,1,6173,Sawyer,1Story,TA,TA,Y,Attchd,125500
5,1063,1954,1954,1056,1,1,9920,NAmes,1Story,TA,TA,Y,Attchd,128000
8,1636,2006,2006,1623,3,2,13501,Somerst,1Story,Gd,Gd,Y,Attchd,255000
7,2057,1936,1987,1017,1,1,11500,Crawfor,1.5Fin,Gd,Gd,Y,Attchd,250000
5,902,1983,1983,864,2,1,8885,Mitchel,1Story,TA,TA,Y,Attchd,131000
6,1484,2005,2005,742,2,2,12589,Gilbert,2Story,Gd,Gd,Y,Attchd,174000
5,2274,1960,1960,1105,2,2,11600,NAmes,2Story,TA,TA,Y,Detchd,154300
5,1268,1977,1989,1268,1,1,9286,CollgCr,1Story,TA,Gd,Y,Detchd,143500
5,1015,1925,1950,768,1,1,6120,BrkSide,1Story,TA,TA,N,Detchd,88000
5,2002,1949,1950,1001,3,2,6270,Crawfor,2Story,TA,TA,N,2Types,145000
6,1224,2009,2009,612,2,2,3000,Somerst,2Story,Gd,Gd,Y,Detchd,173733
4,1092,1970,1970,546,1,1,2001,MeadowV,2Story,TA,TA,Y,Attchd,75000
2,480,1949,1950,480,1,0,9000,IDOTRR,1Story,TA,TA,N,Detchd,35311
4,1229,1956,1956,1134,1,1,17140,Edwards,1Story,TA,TA,Y,Attchd,135000
7,2127,1991,1991,1104,3,2,13125,SawyerW,2Story,Gd,Gd,Y,Attchd,238000
6,1414,1958,2002,1184,2,1,11029,NAmes,1Story,Ex,TA,Y,Attchd,176500
6,1721,1994,1994,928,2,2,8462,SawyerW,2Story,Gd,Gd,Y,Attchd,201000
5,2200,1900,2003,1272,0,2,8777,Edwards,1.5Fin,TA,TA,Y,,145900
6,1316,2005,2006,1316,2,2,10237,Gilbert,1Story,Gd,Gd,Y,Attchd,169990
6,1617,1993,1994,1604,2,2,8012,SawyerW,1Story,Gd,Gd,Y,Attchd,193000
6,1686,1980,1980,1686,2,2,10240,NWAmes,1Story,TA,TA,Y,Attchd,207500
5,1126,1977,1977,1126,2,2,15611,NWAmes,1Story,TA,Ex,Y,Attchd,175000
8,2374,2003,2004,1181,3,2,11999,NridgHt,2Story,Gd,Ex,Y,BuiltIn,285000
7,1978,1968,1968,832,2,2,9900,NWAmes,2Story,TA,TA,Y,Attchd,176000
8,1788,2001,2001,1753,2,2,11838,CollgCr,1Story,Gd,Ex,Y,Attchd,236500
7,2236,1997,1997,964,2,2,13006,Gilbert,2Story,TA,Gd,Y,BuiltIn,222000
8,1466,2007,2007,1466,3,2,8925,Timber,1Story,Gd,Gd,Y,Attchd,201000
5,925,1965,1965,925,1,1,9100,NAmes,1Story,TA,TA,Y,Detchd,117500
9,1905,2006,2006,1905,3,2,11670,Somerst,1Story,Ex,Ex,Y,Attchd,320000
7,1500,2004,2004,1500,2,2,8487,CollgCr,1Story,Gd,Gd,Y,Attchd,190000
7,2069,1960,2007,585,2,2,27650,NAmes,1Story,TA,Gd,Y,Attchd,242000
4,747,1926,1953,600,2,1,5825,BrkSide,1Story,TA,TA,Y,Detchd,79900
7,1200,2003,2003,1176,2,2,10083,SawyerW,1Story,Gd,Gd,Y,Attchd,184900
7,1971,2005,2005,1113,2,2,9675,Somerst,2Story,Gd,Gd,Y,Attchd,253000
7,1962,2006,2006,1391,3,2,8760,CollgCr,2Story,Gd,Gd,Y,Attchd,239799
7,2403,1940,1950,1032,1,2,24090,ClearCr,2Story,TA,TA,Y,Attchd,244400
6,1728,1976,1976,1728,2,2,12640,Mitchel,1Story,TA,TA,Y,Attchd,150900
7,2060,1999,1999,992,2,2,8755,Gilbert,2Story,Gd,Gd,Y,BuiltIn,214000
4,1440,1977,1977,1440,0,2,7711,Edwards,1Story,TA,TA,Y,,150000
5,1632,1967,1967,1632,2,2,25000,Mitchel,1Story,TA,TA,Y,Attchd,143000
6,1344,1958,1958,819,2,1,14375,Timber,SLvl,TA,Gd,Y,Basment,137500
5,1869,1890,1996,1088,2,1,8820,OldTown,1.5Fin,TA,TA,Y,Detchd,124900
5,1144,1959,1959,1144,1,1,8163,NAmes,SLvl,TA,TA,Y,Attchd,143000
8,1629,2002,2003,1616,3,2,14536,Timber,1Story,Gd,Gd,Y,Attchd,270000
7,1776,2002,2002,936,2,2,14006,CollgCr,2Story,Gd,Gd,Y,Attchd,192500
6,1381,1972,2006,1161,2,1,9360,NWAmes,1Story,TA,Gd,Y,Attchd,197500
5,864,1950,2002,864,2,1,7200,NAmes,1Story,TA,Gd,Y,Detchd,129000
5,965,1965,1965,828,1,1,7800,SawyerW,1Story,TA,TA,Y,Detchd,119900
5,768,1972,2003,768,1,1,7200,CollgCr,SFoyer,TA,TA,Y,Detchd,133900
5,1968,1969,1969,784,2,2,11075,Mitchel,2Story,TA,TA,Y,Attchd,172000
6,980,1975,1975,945,0,2,9400,Edwards,SFoyer,TA,TA,Y,,127500
6,1958,1946,1950,979,2,2,7136,Crawfor,2Story,TA,TA,N,Attchd,145000
6,1229,1980,1980,561,2,1,1300,Blueste,2Story,TA,TA,Y,Attchd,124000
5,1057,1962,1962,1057,2,1,7420,Sawyer,1Story,TA,TA,Y,Detchd,132000
7,1337,2003,2003,1337,2,2,8450,CollgCr,1Story,Gd,Gd,Y,Attchd,185000
7,1416,1999,1999,696,2,2,2572,Somerst,2Story,Gd,Gd,Y,Detchd,155000
5,858,1958,2008,858,0,1,7207,BrkSide,1Story,TA,TA,Y,,116500
6,2872,1977,1995,1330,2,2,12227,NWAmes,2Story,TA,TA,Y,Attchd,272000
6,1548,1976,1976,804,2,2,2308,NPkVill,2Story,TA,Gd,Y,Detchd,155000
9,1800,2007,2007,1800,2,2,11923,CollgCr,1Story,Gd,Ex,Y,Attchd,239000
7,1894,2002,2003,817,2,2,11316,Timber,2Story,Gd,Gd,Y,BuiltIn,214900
6,1484,2005,2007,783,2,2,10237,Gilbert,2Story,Gd,Gd,Y,Attchd,178900
5,1308,1940,1950,728,1,1,9600,Crawfor,1.5Fin,Gd,TA,Y,Detchd,160000
5,1098,1955,1955,1098,1,1,7390,NAmes,1Story,TA,TA,Y,Attchd,135000
3,968,1910,1950,600,0,1,5925,OldTown,1.5Fin,TA,TA,N,,37900
6,1095,1958,1958,588,1,1,10382,NAmes,SLvl,TA,TA,Y,Attchd,140000
4,1192,1949,1950,720,0,1,10800,NAmes,1.5Fin,TA,TA,N,,135000
7,1626,2003,2004,764,2,2,2268,NridgHt,2Story,Gd,Gd,Y,BuiltIn,173000
6,918,1979,1979,918,1,2,7892,SawyerW,1Story,TA,TA,Y,Attchd,99500
7,1428,2007,2008,1428,2,2,11639,Somerst,1Story,Gd,Gd,Y,Attchd,182000
7,2019,1910,1993,728,2,1,11414,BrkSide,2Story,TA,Gd,N,Detchd,167500
7,1382,2000,2000,673,2,2,2651,Somerst,2Story,Gd,Gd,Y,Detchd,165000
4,869,1923,1958,440,0,1,5900,BrkSide,1Story,TA,Fa,Y,,85500
7,1241,2006,2007,1241,2,1,4274,Somerst,1Story,Gd,Gd,Y,Attchd,199900
4,894,1954,1954,894,2,1,9450,Edwards,1Story,TA,TA,Y,Detchd,110000
5,1121,1963,1963,1121,2,1,8816,Sawyer,1Story,TA,TA,Y,Detchd,139000
7,999,1961,2007,944,2,1,12122,NAmes,SFoyer,Ex,Ex,Y,Attchd,178400
8,2612,1998,1999,1225,3,2,12203,NoRidge,2Story,Gd,Gd,Y,Attchd,336000
7,1266,2007,2007,1266,2,2,3182,Blmngtn,1Story,Gd,Gd,Y,Attchd,159895
8,2290,2002,2002,1128,2,2,11250,CollgCr,2Story,Gd,Gd,Y,Attchd,255900
5,1734,1977,1977,0,2,2,10125,Mitchel,1.5Fin,TA,Gd,Y,Attchd,126000
5,1164,1950,1950,1164,1,1,10880,Edwards,1Story,TA,TA,N,Detchd,125000
6,1635,1910,2003,485,1,1,5310,OldTown,1.5Fin,TA,Gd,Y,Attchd,117000
9,1940,2009,2010,1930,3,2,10159,NridgHt,1Story,Ex,Ex,Y,Attchd,395192
6,2030,1976,1976,848,2,2,12046,NWAmes,2Story,TA,Gd,Y,Attchd,195000
7,1576,2006,2006,770,2,2,8125,Somerst,2Story,Gd,Gd,Y,Attchd,197000
8,2392,1997,1998,1396,3,2,9452,NoRidge,2Story,Gd,Gd,Y,Attchd,348000
8,1742,1882,1986,916,2,1,17671,OldTown,2Story,Gd,Gd,Y,Attchd,168000
6,1851,1964,1993,822,2,2,9760,NAmes,2Story,TA,Gd,Y,Attchd,187000
6,1500,2005,2006,750,2,2,8846,CollgCr,2Story,TA,Gd,Y,Attchd,173900
10,1718,2006,2007,1700,3,2,12456,NridgHt,1Story,Ex,Ex,Y,Attchd,337500
4,1230,1946,1950,747,1,1,4712,BrkSide,1.5Fin,TA,TA,Y,Detchd,121600
5,1050,1961,1961,1050,1,1,10659,NAmes,1Story,TA,TA,Y,Attchd,136500
6,1442,1970,1970,1442,2,2,11717,NWAmes,1Story,TA,TA,Y,Attchd,185000
3,1077,1922,1950,1007,1,1,9786,IDOTRR,1Story,TA,TA,N,Detchd,91000
7,1208,2006,2006,1187,2,2,6762,CollgCr,1Story,Gd,Gd,Y,Attchd,206000
3,944,1952,1952,0,2,1,10206,Edwards,1Story,TA,Fa,N,Detchd,82000
5,691,1920,1950,691,1,1,5400,OldTown,1Story,TA,Ex,Y,Detchd,86000
8,1574,2006,2006,1574,3,2,11957,Somerst,1Story,Gd,Gd,Y,Attchd,232000
5,1680,1976,1976,1680,2,2,11500,NWAmes,1Story,TA,TA,Y,Detchd,136905
7,1504,2005,2006,1346,2,2,3182,Blmngtn,1Story,Gd,Gd,Y,Attchd,181000
5,985,1977,1977,985,1,2,8385,CollgCr,SLvl,Gd,TA,Y,Attchd,149900
6,1657,1970,1970,1657,2,2,12155,NAmes,1Story,TA,TA,Y,Attchd,163500
4,1092,1970,1970,546,1,1,2217,MeadowV,2Story,TA,TA,Y,Attchd,88000
7,1710,2004,2005,1710,2,2,12118,Mitchel,1Story,Gd,Gd,Y,Attchd,240000
5,1522,1926,1950,1008,0,2,6000,SWISU,1.5Fin,TA,TA,Y,,102000
5,1271,1948,1950,720,1,2,21286,Sawyer,1.5Fin,TA,TA,Y,Attchd,135000
5,1664,1965,1965,0,0,2,9825,Edwards,1Story,TA,TA,N,,100000
6,1502,1923,1996,602,1,1,10592,Crawfor,2Story,TA,Gd,Y,Detchd,165000
5,1022,1910,2006,1022,1,1,7200,OldTown,1Story,TA,TA,N,Detchd,85000
6,1082,1948,1950,1082,1,1,11664,NAmes,1Story,TA,TA,Y,Detchd,119200
8,1665,2001,2001,810,2,2,8400,NWAmes,2Story,Gd,Gd,Y,Attchd,227000
7,1504,1996,1996,1504,2,2,11883,CollgCr,1Story,Gd,Gd,Y,Attchd,203000
8,1360,1984,1984,1220,2,1,5814,StoneBr,1Story,Gd,Gd,Y,Attchd,187500
7,1472,1991,1992,384,2,2,10784,Gilbert,SLvl,Gd,Gd,Y,Attchd,160000
7,1506,2005,2005,1362,2,2,3013,Blmngtn,1Story,Gd,Gd,Y,Attchd,213490
4,1132,2005,2005,1132,2,1,7024,Edwards,1Story,TA,Gd,Y,Attchd,176000
7,1220,2006,2006,1199,2,2,7406,CollgCr,1Story,Gd,Gd,Y,Attchd,194000
5,1248,1930,1950,912,1,1,9439,OldTown,1.5Fin,TA,TA,Y,Detchd,87000
7,1504,2005,2006,1346,2,2,3182,Blmngtn,1Story,Gd,Gd,Y,Attchd,191000
8,2898,1976,1976,1565,2,2,15498,Timber,1Story,Gd,Gd,Y,Attchd,287000
5,882,1972,1972,882,2,1,7700,CollgCr,1Story,TA,TA,Y,Detchd,112500
5,1264,1960,1960,1268,2,1,9300,NAmes,1Story,TA,TA,Y,Attchd,167500
8,1646,2007,2008,1638,3,2,9520,Timber,1Story,Gd,Gd,Y,Attchd,293077
5,1376,1941,1950,768,1,1,9492,NAmes,1.5Fin,TA,TA,Y,Attchd,105000
6,1218,1972,1972,672,1,1,1680,BrDale,2Story,TA,TA,Y,Detchd,118000
5,1928,1916,1995,686,0,2,7082,SWISU,2Story,TA,TA,Y,,160000
7,3082,1920,1970,824,2,2,15863,SWISU,2.5Fin,TA,TA,Y,Basment,197000
8,2520,1993,1993,1338,3,2,14541,NoRidge,2Story,Gd,Gd,Y,Attchd,310000
7,1654,2002,2002,1654,3,2,8125,CollgCr,1Story,Gd,Gd,Y,Attchd,230000
5,954,1938,1950,920,1,1,6305,Crawfor,1Story,TA,Fa,Y,Basment,119750
4,845,1957,1957,0,1,1,11500,Edwards,1Story,TA,TA,N,Detchd,84000
9,1620,2007,2008,1620,3,2,12898,Timber,1Story,Gd,Ex,Y,Attchd,315500
8,2263,2001,2002,1055,2,2,9240,CollgCr,2Story,Gd,Gd,Y,BuiltIn,287000
4,1344,1970,2008,546,0,1,1533,MeadowV,2Story,TA,TA,Y,,97000
4,630,1970,1970,630,1,1,1477,MeadowV,SFoyer,TA,TA,Y,Attchd,80000
5,1803,1957,2000,1134,2,2,13125,Sawyer,1Story,TA,TA,Y,Attchd,155000
6,1632,1966,2000,800,2,1,9130,NWAmes,2Story,TA,Gd,Y,Attchd,173000
6,1306,2005,2005,1306,2,2,5381,NridgHt,1Story,Gd,Gd,Y,Attchd,196000
7,2329,1990,1990,1475,2,2,11839,SawyerW,2Story,TA,Gd,Y,Attchd,262280
8,2524,1981,1981,2524,2,2,9600,NWAmes,1Story,Gd,Gd,Y,Attchd,278000
3,1733,1955,1955,0,2,2,13680,Edwards,1Story,TA,TA,Y,Attchd,139600
9,2868,2005,2006,1992,3,3,16056,StoneBr,2Story,Gd,Ex,Y,BuiltIn,556581
5,990,1994,1995,990,2,1,9245,CollgCr,1Story,TA,TA,Y,Detchd,145000
5,1771,1960,2006,0,2,1,21750,Mitchel,1Story,TA,TA,Y,Attchd,115000
4,930,1946,2006,0,1,1,11100,Edwards,1Story,TA,Gd,Y,Detchd,84900
7,1302,2007,2007,1302,2,2,8993,Gilbert,1Story,Gd,Gd,Y,Attchd,176485
7,1316,2007,2007,1316,2,2,11175,CollgCr,1Story,Gd,Gd,Y,Attchd,200141
6,1977,1964,1978,816,2,1,9500,NAmes,2Story,TA,TA,Y,Attchd,165000
5,1526,1957,2002,1216,1,1,8562,Edwards,1Story,TA,TA,Y,Basment,144500
8,1989,2002,2002,1065,2,2,11367,CollgCr,2Story,Gd,Gd,Y,Attchd,255000
6,1523,1976,1976,1193,2,2,11361,NWAmes,1Story,TA,TA,Y,Attchd,180000
7,1364,2005,2005,1364,2,2,7052,NridgHt,1Story,Gd,Gd,Y,Attchd,185850
7,1850,1994,1994,973,2,2,29959,NoRidge,2Story,Gd,Gd,Y,BuiltIn,248000
9,2184,2008,2008,1104,3,2,11308,NridgHt,2Story,Ex,Ex,Y,Attchd,335000
6,1991,1932,1950,854,2,1,11275,Crawfor,1.5Fin,TA,TA,Y,Detchd,220000
8,1338,2001,2001,1338,2,2,4920,StoneBr,1Story,Gd,Gd,Y,Attchd,213500
3,894,1935,1950,894,3,1,18000,IDOTRR,1Story,Fa,TA,Y,Detchd,81000
5,2337,1900,1950,662,2,2,13600,OldTown,2Story,TA,TA,N,Detchd,90000
6,1103,1925,1980,1103,2,1,6000,OldTown,1Story,TA,Gd,Y,Detchd,110500
5,1154,1966,1966,1154,2,1,11000,NAmes,1Story,TA,TA,Y,Attchd,154000
7,2260,1996,1997,1306,2,2,14000,ClearCr,2Story,Gd,Gd,Y,Attchd,328000
6,1571,1993,1994,799,2,2,7837,Gilbert,2Story,Gd,TA,Y,Attchd,178000
6,1611,1964,1964,780,2,1,9760,NAmes,2Story,TA,TA,Y,Attchd,167900
6,2521,1973,1973,942,2,2,3964,MeadowV,2Story,TA,TA,Y,Attchd,151400
5,893,1949,2003,845,2,1,9600,NAmes,1.5Unf,TA,Gd,Y,Detchd,135000
5,1048,1956,1956,1048,1,1,10152,NAmes,1Story,TA,TA,Y,Attchd,135000
6,1556,1968,1968,727,2,1,11700,NWAmes,2Story,TA,TA,Y,Attchd,154000
5,1456,1948,1950,810,1,1,7585,Edwards,1.5Fin,TA,TA,Y,Detchd,91500
6,1426,1977,1977,690,2,1,7950,Edwards,2Story,TA,TA,Y,Attchd,159500
7,1240,2006,2006,1240,3,2,8556,CollgCr,1Story,Gd,Gd,Y,Attchd,194000
7,1740,1940,1984,800,1,1,13125,Crawfor,2Story,TA,TA,Y,Attchd,219500
5,1466,1936,1989,796,2,2,10800,OldTown,1.5Fin,TA,Gd,Y,Attchd,170000
5,1096,1969,1969,1096,1,1,15870,NAmes,1Story,TA,TA,Y,Attchd,138800
6,848,2004,2004,848,2,1,4435,CollgCr,1Story,Gd,Gd,Y,Attchd,155900
5,990,1994,1994,990,1,1,8775,CollgCr,1Story,TA,TA,Y,Attchd,126000
6,1258,1971,2004,1258,2,2,11040,NWAmes,1Story,Gd,Gd,Y,Attchd,145000
5,1040,1963,1963,1040,1,1,7500,Sawyer,1Story,TA,TA,Y,Attchd,133000
7,1459,2002,2002,1459,2,2,8749,CollgCr,1Story,Gd,Gd,Y,Attchd,192000
6,1251,1964,1964,1251,1,1,8800,NAmes,1Story,TA,TA,Y,Attchd,160000
6,1498,1995,1996,691,2,2,13031,Gilbert,2Story,TA,TA,Y,Attchd,187500
6,996,1992,1992,936,2,1,9069,SawyerW,SFoyer,TA,Gd,Y,Attchd,147000
4,1092,1973,1973,546,1,1,1974,MeadowV,2Story,TA,TA,Y,Attchd,83500
8,1953,2005,2006,1082,3,2,10574,Somerst,2Story,Gd,Gd,Y,Attchd,252000
7,1709,2004,2004,970,2,2,2522,Edwards,2Story,Gd,Gd,Y,Detchd,137500
8,1247,2005,2005,1247,2,1,3316,Somerst,1Story,Gd,Gd,Y,Attchd,197000
3,1040,1950,1950,0,2,2,8544,NAmes,1Story,TA,TA,N,Detchd,92900
7,1252,1999,2000,600,2,2,2160,Somerst,2Story,Gd,Gd,Y,Detchd,160000
6,1694,1925,1950,1181,2,2,8400,SWISU,1.5Fin,TA,TA,Y,Detchd,136500
5,1200,1965,1998,864,2,1,9230,NAmes,1Story,TA,Gd,Y,Detchd,146000
5,936,1956,2000,936,1,1,5868,NAmes,1Story,TA,TA,Y,Attchd,129000
6,1314,2006,2006,1314,2,2,9317,CollgCr,1Story,Gd,Gd,Y,Attchd,176432
6,1355,1914,2006,684,0,1,6882,IDOTRR,2Story,TA,Gd,Y,,127000
8,1088,1986,1986,1074,2,1,3696,StoneBr,1Story,Gd,Gd,Y,Attchd,170000
4,1324,1936,1950,672,1,1,6000,BrkSide,1.5Fin,TA,TA,Y,Detchd,128000
7,1601,1978,1978,1271,2,2,11880,NWAmes,1Story,TA,TA,Y,Attchd,157000
2,438,1920,1950,290,1,1,8400,SWISU,1Story,TA,Fa,N,Detchd,60000
5,950,1971,1971,950,1,1,9758,NAmes,1Story,TA,TA,Y,Detchd,119500
5,1134,1960,2002,1010,1,1,7000,NAmes,1Story,TA,TA,Y,Attchd,135000
6,1194,1959,1959,655,2,1,8910,NAmes,1Story,TA,TA,Y,BuiltIn,159500
5,1302,1970,1970,630,2,2,2016,BrDale,2Story,TA,TA,Y,Detchd,106000
8,2622,1994,1995,1463,2,2,12256,NoRidge,2Story,Gd,Gd,Y,Attchd,325000
7,1442,1990,1991,910,2,2,10357,SawyerW,1Story,Gd,Gd,Y,Attchd,179900
7,2021,2006,2006,868,2,2,23257,Gilbert,2Story,Gd,Gd,Y,BuiltIn,274725
6,1690,2000,2000,924,2,2,8063,Gilbert,2Story,TA,TA,Y,Attchd,181000
8,1836,2004,2005,1836,3,2,11362,NridgHt,1Story,Gd,Gd,Y,Attchd,280000
6,1658,1995,1996,773,2,2,8000,Gilbert,2Story,TA,TA,Y,Attchd,188000
7,1964,1976,1976,803,2,2,10480,NWAmes,2Story,TA,TA,Y,Attchd,205000
5,816,1957,1957,816,1,1,7100,NAmes,1Story,TA,TA,Y,Detchd,129900
5,1008,1953,2006,1008,1,1,8923,NAmes,1Story,TA,Gd,Y,Attchd,134500
5,833,1954,2000,833,1,1,5400,OldTown,1Story,TA,Gd,Y,Detchd,117000
8,1734,2007,2007,1734,3,2,12085,NridgHt,1Story,Gd,Ex,Y,Attchd,318000
8,1419,2002,2002,408,2,2,7750,Gilbert,SLvl,Gd,Gd,Y,BuiltIn,184100
5,894,1967,2003,894,2,1,9764,Sawyer,1Story,TA,Gd,Y,Attchd,130000
5,1601,1958,1987,533,1,1,13825,Sawyer,SLvl,TA,TA,Y,BuiltIn,140000
5,1040,1959,1959,1040,1,1,7560,NAmes,1Story,TA,TA,Y,Attchd,133700
6,1012,1920,1950,1012,1,1,8263,IDOTRR,1Story,TA,TA,Y,Detchd,118400
7,1552,2005,2006,1552,3,2,10084,CollgCr,1Story,Gd,Gd,Y,Attchd,212900
4,960,1956,1956,672,1,1,8926,Edwards,1Story,TA,TA,Y,Basment,112000
5,698,1947,2008,698,0,1,9405,Edwards,1Story,TA,TA,Y,,118000
7,1482,1992,1992,384,2,2,9125,Gilbert,SLvl,TA,Gd,Y,Attchd,163900
4,1005,1955,1955,1005,2,1,10434,NAmes,1Story,TA,Fa,Y,Detchd,115000
7,1555,2007,2007,1373,3,2,3684,Blmngtn,1Story,Gd,Gd,Y,Attchd,174000
7,1530,2004,2004,1530,3,2,14572,Gilbert,1Story,Gd,Gd,Y,Attchd,259000
7,1959,2004,2005,847,2,2,11796,Gilbert,2Story,Gd,Gd,Y,BuiltIn,215000
5,936,1980,1980,936,2,1,7200,OldTown,SFoyer,TA,TA,Y,Detchd,140000
4,1981,1928,1950,1122,2,2,7804,SWISU,1.5Fin,TA,Gd,Y,Detchd,135000
5,974,1991,1992,974,0,1,10712,Mitchel,1Story,TA,TA,Y,,93500
6,2210,1880,1950,1008,1,2,9900,OldTown,2Story,TA,Fa,Y,Detchd,117500
8,2020,1995,1995,1128,2,2,9828,SawyerW,2Story,Gd,Gd,Y,Attchd,239500
6,1600,1997,1997,916,2,2,8773,Gilbert,2Story,TA,TA,Y,Attchd,169000
6,986,1926,1950,960,1,1,6180,BrkSide,1Story,TA,TA,N,Detchd,102000
6,1252,1950,1950,1032,1,1,9600,NAmes,1.5Fin,TA,TA,Y,Attchd,119000
5,1020,1875,1996,780,0,1,6342,Sawyer,1.5Fin,TA,TA,N,,94000
6,1567,1977,1977,1567,2,2,9819,Mitchel,1Story,TA,Gd,Y,Attchd,196000
5,1167,1920,1950,915,2,1,8731,BrkSide,1Story,TA,TA,Y,Detchd,144000
5,952,1951,1951,952,2,1,7350,NAmes,1Story,TA,TA,Y,Detchd,139000
5,1868,1976,1976,780,2,2,10304,NWAmes,2Story,TA,Gd,Y,Attchd,197500
8,2828,2006,2007,1466,3,3,9965,CollgCr,2Story,Gd,Gd,Y,BuiltIn,424870
5,1006,1959,1959,1006,0,1,9000,Sawyer,1Story,TA,TA,Y,,80000
4,924,1941,1950,672,1,1,12180,Edwards,1.5Fin,TA,Fa,N,Detchd,80000
5,1576,1928,1950,1042,1,1,6240,BrkSide,1.5Fin,TA,TA,Y,Detchd,149000
6,1298,1985,1985,1298,2,2,11200,SawyerW,1Story,Gd,Gd,Y,Attchd,180000
7,1564,1941,1950,704,1,1,12000,Crawfor,2Story,TA,Fa,Y,Attchd,174500
7,1111,1926,1950,572,1,1,5700,OldTown,1.5Fin,TA,TA,Y,Detchd,116900
7,1482,1920,1988,650,2,1,9000,OldTown,2Story,TA,TA,Y,Detchd,143000
6,932,1950,1950,932,1,1,8280,NAmes,1Story,TA,Gd,Y,Attchd,124000
5,1466,1959,1959,1466,2,1,17755,Edwards,1Story,TA,Fa,Y,Attchd,149900
6,1811,1956,2004,1073,2,1,14115,Crawfor,1Story,TA,Ex,Y,Attchd,230000
6,816,1930,2007,816,1,1,5890,IDOTRR,1Story,Gd,TA,Y,Detchd,120500
7,1820,1965,1988,864,2,1,13700,NAmes,2Story,TA,Gd,Y,Attchd,201800
5,1437,1976,2004,1437,2,2,10768,Veenker,1Story,Gd,Gd,Y,Attchd,218000
5,1265,1965,1999,1219,2,2,9350,NAmes,SLvl,TA,Gd,Y,Attchd,179900
7,1314,2007,2008,1314,2,2,5001,NridgHt,1Story,Gd,Gd,Y,Attchd,230000
8,1580,2007,2008,1580,3,2,11932,Somerst,1Story,Gd,Gd,Y,Attchd,235128
6,1876,1974,1974,901,2,2,9120,NWAmes,2Story,Gd,Gd,Y,Attchd,185000
6,1456,1978,1978,855,2,2,2280,NPkVill,2Story,TA,TA,Y,Attchd,146000
6,1640,1954,2006,1296,2,1,14778,Crawfor,1Story,Gd,Gd,Y,Detchd,224000
5,894,1968,1968,894,2,1,8724,Sawyer,1Story,TA,TA,Y,Attchd,129000
4,1258,1969,1969,1198,2,0,12900,Sawyer,SFoyer,TA,TA,Y,CarPort,108959
5,1432,1978,1978,1360,2,1,16157,Veenker,SLvl,TA,Gd,Y,Attchd,194000
7,1502,2009,2009,1502,2,2,9541,NridgHt,1Story,Gd,Gd,Y,Attchd,233170
8,1694,2008,2008,1694,3,2,10475,CollgCr,1Story,Gd,Gd,Y,Attchd,245350
6,1671,2000,2000,959,2,2,10852,Gilbert,2Story,TA,TA,Y,Attchd,173000
6,2108,1935,1986,1127,2,2,13728,Edwards,2Story,TA,Gd,Y,Basment,235000
10,3627,1995,1996,1930,3,3,35760,NoRidge,2Story,Gd,Gd,Y,Attchd,625000
6,1118,1977,1977,1096,1,1,9880,Mitchel,SLvl,TA,TA,Y,Attchd,171000
6,1261,1958,1958,1261,2,1,9120,NAmes,1Story,TA,TA,Y,Attchd,163000
7,1250,2006,2007,625,2,2,4017,Somerst,2Story,Gd,Gd,Y,Detchd,171900
5,3086,1946,1994,1598,0,3,18030,ClearCr,1.5Fin,TA,Ex,Y,,200500
6,2345,1932,1950,952,2,2,16560,Crawfor,2Story,TA,TA,Y,Detchd,239000
8,2872,1992,2000,1683,2,2,10678,NoRidge,1.5Fin,Gd,Gd,Y,Attchd,285000
5,923,1984,1985,876,1,1,6951,Mitchel,1Story,TA,TA,Y,Attchd,119500
6,1224,1926,2004,818,1,1,3950,OldTown,1.5Fin,TA,TA,Y,Detchd,115000
5,1343,1921,1950,731,1,1,7681,Crawfor,1.5Fin,TA,TA,Y,Detchd,154900
5,1124,1954,1954,0,0,1,8335,Edwards,1Story,TA,TA,Y,,93000
7,2514,1990,1991,1216,2,2,11170,Timber,2Story,TA,TA,Y,Attchd,250000
8,1652,2008,2008,1600,2,2,5587,Crawfor,1Story,Ex,Gd,Y,Attchd,392500
10,4476,1996,1996,2396,3,3,15623,NoRidge,2Story,Gd,Ex,Y,Attchd,745000
5,1130,1920,1950,1120,2,1,10800,OldTown,1Story,TA,TA,Y,Detchd,120000
5,1572,1963,1963,1572,3,1,35133,Timber,1Story,TA,TA,Y,2Types,186700
5,1221,1924,1950,784,1,1,9738,Edwards,1.5Fin,TA,TA,Y,Attchd,104900
3,1699,1900,1970,978,2,2,10615,OldTown,2Story,TA,TA,Y,CarPort,95000
8,1624,1994,1995,1624,3,2,12461,NoRidge,1Story,Gd,Gd,Y,Attchd,262000
7,1660,2002,2002,831,2,2,8935,CollgCr,2Story,Gd,Gd,Y,Attchd,195000
7,1804,1999,1999,994,2,2,7500,Gilbert,2Story,TA,Gd,Y,Attchd,189000
4,1622,1961,1975,1249,4,1,32463,Mitchel,1Story,TA,TA,Y,2Types,168000
8,1441,1999,2000,776,2,2,2645,Somerst,2Story,Gd,Gd,Y,Detchd,174000
5,1472,1925,1994,702,1,1,9600,OldTown,1.5Fin,TA,Gd,Y,Detchd,125000
6,1224,1999,1999,1224,2,2,4500,Mitchel,1Story,TA,TA,Y,Attchd,165000
6,1352,1969,1969,663,1,1,9364,Sawyer,2Story,TA,TA,Y,Attchd,158000
6,1456,2005,2005,728,2,2,8029,Gilbert,2Story,TA,Gd,Y,Attchd,176000
7,1863,2006,2006,879,3,2,14054,Gilbert,2Story,Gd,Gd,Y,BuiltIn,219210
7,1690,1916,1950,815,1,1,8850,OldTown,2.5Unf,TA,TA,Y,Detchd,144000
7,1212,2001,2001,1212,2,2,9100,CollgCr,1Story,Gd,Gd,Y,Attchd,178000
4,1382,1963,1979,1051,2,1,11235,Sawyer,1Story,TA,TA,Y,Attchd,148000
4,864,1970,1970,864,1,1,9353,NAmes,1Story,TA,TA,Y,Attchd,116050
7,1779,1998,1998,866,2,2,10400,CollgCr,2Story,TA,Gd,Y,Attchd,197900
5,1348,1925,1997,884,1,1,6000,BrkSide,1.5Fin,TA,TA,Y,Detchd,117000
7,1630,2000,2001,1630,2,2,9750,CollgCr,1Story,Gd,Gd,Y,Attchd,213000
5,1074,1975,1975,1056,2,1,10140,NWAmes,1Story,TA,TA,Y,Attchd,153500
7,2196,1990,1991,2158,3,2,14684,SawyerW,1Story,Gd,Gd,Y,Attchd,271900
4,1056,1966,1966,1056,1,1,8900,SawyerW,1Story,TA,TA,Y,Detchd,107000
6,1700,2003,2003,1682,2,2,9135,CollgCr,1Story,Gd,Gd,Y,Attchd,200000
5,1283,1962,1980,931,2,1,7763,NAmes,1Story,TA,TA,Y,Detchd,140000
8,1660,2006,2006,1660,2,2,10182,Somerst,1Story,Gd,Gd,Y,Attchd,290000
6,1845,1992,1992,1055,2,2,11218,SawyerW,2Story,Gd,Gd,Y,Attchd,189000
8,1752,1988,2005,559,2,2,12134,Gilbert,1.5Fin,Gd,TA,Y,Basment,164000
4,672,1941,1950,672,1,1,9340,Edwards,1Story,TA,TA,Y,Attchd,113000
4,960,1965,2001,648,1,0,10246,Sawyer,SLvl,TA,TA,Y,Attchd,145000
5,999,1962,1962,925,1,1,10205,NAmes,SFoyer,TA,TA,Y,Attchd,134500
5,894,1966,1966,894,1,1,7094,Sawyer,1Story,TA,TA,Y,Detchd,125000
6,1902,1978,1978,0,2,2,8930,Sawyer,1.5Fin,TA,TA,Y,Attchd,112000
8,1314,2009,2009,1300,2,2,8640,Somerst,1Story,Gd,Gd,Y,Attchd,229456
4,912,1947,1950,0,0,1,6240,BrkSide,1.5Fin,TA,TA,N,,80500
6,1218,1971,1971,672,0,1,1680,BrDale,2Story,TA,TA,Y,,91500
5,912,1964,1964,912,1,1,7800,NAmes,1Story,TA,TA,Y,Attchd,115000
5,1211,1968,1968,952,1,1,8250,Sawyer,1Story,TA,TA,Y,Attchd,134000
6,1846,1949,1950,1040,1,2,10496,NAmes,1.5Fin,TA,TA,Y,Attchd,143000
5,2136,1951,1951,2136,2,2,10680,NAmes,1Story,TA,TA,N,Detchd,137900
7,1490,2004,2005,788,2,2,15384,Gilbert,2Story,Gd,Gd,Y,Attchd,184000
6,1138,1958,1958,588,1,1,10482,NAmes,SLvl,TA,TA,Y,Attchd,145000
6,1933,2007,2007,894,3,2,14598,Somerst,2Story,Gd,Gd,Y,BuiltIn,214000
5,912,1965,2008,912,2,1,8872,NAmes,1Story,TA,Gd,Y,Detchd,147000
9,1702,2008,2008,1702,3,1,8769,NridgHt,1Story,Ex,Ex,Y,Attchd,367294
5,1507,1960,1960,1075,1,2,7910,NAmes,SLvl,TA,TA,Y,Basment,127000
5,2620,1977,1977,1361,2,2,18890,Sawyer,1.5Fin,TA,TA,Y,BuiltIn,190000
5,1190,1962,1962,1106,2,1,7728,NAmes,SLvl,TA,TA,Y,Attchd,132500
4,1224,1962,1962,0,2,2,9842,NAmes,1Story,TA,TA,Y,CarPort,101800
5,1188,1959,1959,1188,2,1,12160,NAmes,1Story,TA,TA,Y,Attchd,142000
5,1964,1911,1950,940,0,1,8525,SWISU,2Story,TA,TA,N,,130000
5,1784,1914,1950,747,1,1,13132,Crawfor,2Story,TA,TA,Y,Detchd,138887
7,1626,2003,2003,764,2,2,2628,NridgHt,2Story,Gd,Gd,Y,BuiltIn,175500
7,1948,2004,2005,847,2,2,12393,CollgCr,2Story,Gd,Gd,Y,BuiltIn,195000
6,1141,2005,2005,1141,2,1,13072,SawyerW,1Story,Gd,TA,Y,Detchd,142500
8,1484,2006,2006,1476,2,2,9037,Timber,1Story,Gd,Ex,Y,Attchd,265900
7,1768,2003,2003,884,2,2,8158,CollgCr,2Story,Gd,Gd,Y,Attchd,224900
7,1689,2007,2007,1689,3,2,9849,Somerst,1Story,Gd,Gd,Y,Attchd,248328
7,1173,1974,1974,1053,2,2,10625,NWAmes,SFoyer,TA,Gd,Y,Attchd,170000
10,2076,2006,2006,2076,3,2,13891,NridgHt,1Story,Ex,Ex,Y,Attchd,465000
8,1517,1929,1950,792,2,1,11435,Crawfor,2Story,TA,Gd,Y,Detchd,230000
6,1868,1984,2003,585,2,3,12090,NWAmes,SLvl,TA,TA,Y,BuiltIn,178000
7,1553,2005,2006,756,2,2,8125,Somerst,2Story,Gd,Gd,Y,Attchd,186500
6,1034,1976,1976,1012,3,1,12328,Mitchel,SLvl,TA,TA,Y,Attchd,169900
6,2058,1917,1950,735,2,1,9600,OldTown,2.5Unf,TA,TA,N,Detchd,129500
5,988,1950,1950,876,1,1,7200,NAmes,1Story,TA,TA,Y,Attchd,119000
7,2110,1968,1968,2110,2,2,11160,NAmes,1Story,Gd,Ex,Y,Attchd,244000
7,1405,2003,2003,1405,2,2,3136,NridgHt,1Story,Gd,Gd,Y,Attchd,171750
5,874,1968,1968,864,1,1,9858,Mitchel,1Story,TA,TA,Y,Attchd,130000
7,2167,1974,2003,1192,2,2,17542,Veenker,2Story,Gd,Gd,Y,Attchd,294000
7,1656,2003,2004,746,2,2,6931,Edwards,2Story,Gd,Gd,Y,BuiltIn,165400
6,1367,1931,1950,884,1,1,6240,BrkSide,1.5Fin,TA,TA,Y,Detchd,127500
8,1987,1994,1994,1986,2,2,14303,NoRidge,1Story,Gd,Gd,Y,Attchd,301500
5,864,1922,1950,864,0,1,4060,Edwards,1Story,TA,TA,Y,,99900
7,1166,2005,2005,856,2,2,9587,Gilbert,SLvl,Gd,Gd,Y,Attchd,190000
6,1054,1969,1969,1054,2,1,9750,NAmes,1Story,TA,TA,Y,Attchd,151000
6,1675,1999,1999,841,2,2,24682,Gilbert,2Story,TA,TA,Y,BuiltIn,181000
5,1050,1956,1956,1050,1,1,9600,NAmes,1Story,TA,TA,Y,Attchd,128900
4,1788,1957,1989,1104,1,1,11250,ClearCr,1.5Fin,TA,TA,Y,Attchd,161500
6,1824,1919,1950,764,2,1,13515,BrkSide,2Story,TA,TA,Y,Detchd,180500
6,1337,1998,1999,1405,2,2,4060,NAmes,1Story,Gd,Gd,Y,Attchd,181000
7,1452,1999,1999,691,2,2,3735,Somerst,2Story,Gd,Gd,Y,Detchd,183900
7,1889,1910,1950,925,1,1,10120,OldTown,2.5Unf,Fa,TA,N,Detchd,122000
9,2018,2008,2009,2002,3,2,13214,Timber,1Story,Ex,Ex,Y,Attchd,378500
8,3447,1935,1997,728,3,3,14100,Crawfor,1.5Fin,TA,Gd,Y,BuiltIn,381000
5,1524,1958,1958,874,1,1,11344,NAmes,1.5Fin,TA,TA,Y,Attchd,144000
7,1524,1979,1979,1332,2,0,23595,ClearCr,1Story,Gd,Gd,Y,Attchd,260000
6,1489,1968,1968,1489,2,2,9156,NWAmes,1Story,TA,Gd,Y,Attchd,185750
5,935,1965,1965,935,1,1,13526,Sawyer,1Story,TA,TA,Y,Attchd,137000
6,1357,1959,2006,1019,1,1,11512,Edwards,SLvl,TA,Ex,Y,Basment,177000
5,1250,1910,2003,661,2,2,5362,Crawfor,1.5Fin,TA,TA,Y,Detchd,139000
5,1920,1948,1950,928,2,2,11345,NAmes,2Story,TA,TA,Y,Detchd,137000
6,1395,1972,1972,723,2,1,12936,NWAmes,2Story,TA,TA,Y,Attchd,162000
6,1724,1967,1976,1680,2,1,17871,NWAmes,SLvl,TA,TA,Y,Attchd,197900
8,2031,2002,2002,1128,2,2,9473,CollgCr,2Story,Gd,Gd,Y,Attchd,237000
4,1128,1920,1950,698,2,1,7500,IDOTRR,1.5Fin,TA,TA,Y,Detchd,68400
7,1573,2002,2002,1573,2,2,9808,CollgCr,1Story,Gd,Gd,Y,Attchd,227000
7,1339,1990,1990,1309,2,2,8049,Timber,1Story,TA,TA,Y,Attchd,180000
5,1040,1977,2008,1040,2,2,8800,CollgCr,1Story,TA,Gd,Y,Detchd,150500
6,1824,1971,1971,912,0,2,9400,Mitchel,2Story,TA,TA,Y,,139000
6,2447,1919,1990,804,1,2,9638,SWISU,1.5Fin,TA,Gd,Y,Detchd,169000
6,1412,1939,1950,780,1,1,6000,BrkSide,1.5Fin,TA,TA,Y,Detchd,132500
6,1328,1963,1963,1328,2,1,9790,NWAmes,1Story,TA,TA,Y,Attchd,143000
5,1582,1964,1964,1624,2,2,36500,ClearCr,1Story,TA,TA,Y,Attchd,190000
8,1659,2000,2000,1501,2,2,5664,StoneBr,1Story,Gd,Ex,Y,Attchd,278000
8,1970,2006,2006,1085,3,2,11065,NridgHt,2Story,Gd,Ex,Y,BuiltIn,281000
5,1152,1964,1964,1152,2,1,14112,NAmes,SLvl,TA,TA,Y,Attchd,180500
5,1302,1972,1972,630,1,2,1680,BrDale,2Story,TA,TA,Y,Detchd,119500
5,2372,1892,1965,994,1,2,6600,OldTown,2Story,TA,TA,N,Attchd,107500
7,1664,1976,1976,832,2,2,10140,NWAmes,2Story,TA,TA,Y,Attchd,162900
5,864,1955,1990,864,2,1,8172,Edwards,1Story,TA,TA,Y,Detchd,115000
5,1052,1968,1968,1052,1,1,8400,NAmes,1Story,TA,TA,Y,Attchd,138500
5,1128,1963,1963,1120,2,2,8700,NAmes,1Story,TA,TA,Y,Attchd,155000
6,1072,2005,2006,547,2,2,3675,Edwards,SFoyer,TA,TA,Y,Basment,140000
10,5642,2008,2008,6110,2,2,63887,Edwards,2Story,Ex,Ex,Y,Attchd,160000
5,1246,1959,1994,1246,1,1,7500,NAmes,1Story,TA,Gd,Y,Attchd,154000
7,1983,1999,1999,978,2,2,10762,Gilbert,2Story,Gd,Gd,Y,Attchd,225000
6,1494,1942,1950,771,1,1,7500,Crawfor,2Story,TA,Gd,Y,Attchd,177500
8,2526,1994,1994,1165,3,2,10120,NoRidge,2Story,Gd,Gd,Y,Attchd,290000
7,1616,2005,2005,1616,3,2,8688,Somerst,1Story,Gd,Gd,Y,Attchd,232000
7,1708,2004,2004,976,2,2,3363,Edwards,2Story,Gd,Gd,Y,Detchd,130000
9,1652,2006,2007,1652,2,2,13173,NridgHt,1Story,Gd,Ex,Y,Attchd,325000
7,1368,2005,2006,1368,2,2,6955,NridgHt,1Story,Gd,Gd,Y,Attchd,202500
5,990,1994,1995,990,2,1,8072,CollgCr,1Story,TA,TA,Y,Detchd,138000
5,1122,1948,2005,924,2,1,12000,OldTown,1Story,TA,Gd,Y,Attchd,147000
6,1294,1991,1991,1278,2,2,7153,SawyerW,1Story,TA,Gd,Y,Attchd,179200
7,1902,1959,2002,1902,2,2,17500,Crawfor,1Story,Gd,Ex,Y,Attchd,335000
7,1274,2005,2007,1274,2,2,8814,CollgCr,1Story,Gd,Gd,Y,Attchd,203000
8,2810,1990,1990,1453,2,2,9572,NoRidge,2Story,Gd,Gd,Y,Attchd,302000
9,2599,1999,1999,1393,3,2,14774,NoRidge,2Story,Gd,Gd,Y,BuiltIn,333168
4,948,1954,1954,948,1,1,8190,Edwards,1Story,TA,TA,Y,Detchd,119000
6,2112,1969,1969,952,2,2,11075,NAmes,2Story,TA,TA,Y,Attchd,206900
8,1630,2008,2008,1622,3,2,10226,CollgCr,1Story,Gd,Ex,Y,Attchd,295493
7,1352,2006,2007,1352,2,2,4230,Somerst,1Story,Gd,Gd,Y,Attchd,208900
8,1787,2001,2002,1753,3,2,14781,CollgCr,1Story,Gd,Gd,Y,Attchd,275000
4,948,1954,1954,864,1,1,10215,Edwards,1Story,TA,TA,Y,Attchd,111000
6,1478,1957,1957,1478,2,1,8400,NAmes,1Story,TA,TA,Y,Attchd,156500
3,720,1949,1950,0,1,1,6627,BrkSide,1Story,TA,TA,N,Detchd,72500
7,1923,1992,1992,750,2,2,10186,NoRidge,2Story,Gd,Gd,Y,Attchd,190000
4,708,1940,1950,420,0,1,5330,BrkSide,1Story,Fa,Fa,Y,,82500
8,1795,2006,2007,1795,3,2,9986,Somerst,1Story,Gd,Gd,Y,Attchd,147000
4,796,1922,1950,796,0,1,3636,IDOTRR,1Story,TA,TA,N,,55000
3,774,1931,2006,544,0,1,4270,Edwards,1Story,TA,Gd,Y,,79000
5,816,1982,2008,816,1,1,6600,Mitchel,1Story,Gd,Gd,Y,Attchd,130500
6,2792,1920,1950,1510,2,2,10440,OldTown,1.5Fin,Gd,TA,Y,Detchd,256000
7,1632,1998,1998,935,2,2,9084,Gilbert,2Story,TA,TA,Y,Attchd,176500
8,1588,2006,2006,1588,3,2,10000,Somerst,1Story,Gd,Gd,Y,Attchd,227000
5,954,1976,1976,911,2,1,10780,CollgCr,SLvl,TA,TA,Y,Detchd,132500
4,816,1938,1958,816,1,1,8877,Edwards,1Story,TA,TA,Y,Detchd,100000
5,1360,1938,1995,803,1,1,7200,IDOTRR,1.5Fin,TA,Gd,Y,Detchd,125500
5,1365,1970,1970,765,2,1,2368,BrDale,2Story,TA,TA,Y,Attchd,125000
6,1334,1977,1977,1350,2,2,9650,NWAmes,1Story,TA,TA,Y,Attchd,167900
5,1656,1973,1973,1656,2,2,9246,NWAmes,1Story,TA,TA,Y,Detchd,135000
4,693,1941,1950,693,0,1,4118,OldTown,1Story,TA,Fa,N,,52500
7,1861,2002,2002,916,2,2,13450,CollgCr,2Story,Gd,Gd,Y,BuiltIn,200000
5,864,1972,1972,864,1,1,9560,CollgCr,1Story,TA,TA,Y,Attchd,128500
4,872,1971,1971,858,4,1,8294,NAmes,1Story,TA,TA,Y,Detchd,123000
6,1114,2003,2004,1114,2,1,13695,SawyerW,1Story,TA,Gd,Y,Detchd,155000
8,2169,2002,2002,1284,2,2,9375,CollgCr,2Story,Gd,Gd,Y,Attchd,228500
6,1913,1928,1950,896,2,1,7558,Crawfor,1.5Fin,TA,TA,Y,Detchd,177000
7,1456,2006,2006,728,2,2,11103,CollgCr,2Story,Gd,Gd,Y,Attchd,155835
4,960,1920,1950,960,1,1,6000,OldTown,1Story,TA,Fa,Y,Detchd,108500
7,2156,1968,2003,1568,2,2,20781,NWAmes,1Story,TA,TA,Y,Attchd,262500
8,1776,2006,2007,1732,3,2,15306,Timber,1Story,Gd,Gd,Y,Attchd,283463
7,1494,1998,1998,1482,2,2,16196,SawyerW,1Story,Gd,Gd,Y,Attchd,215000
8,2358,1872,1987,684,0,2,5250,OldTown,2Story,TA,TA,N,,122000
5,2634,1969,1969,1248,4,2,11643,NAmes,2Story,TA,TA,Y,Detchd,200000
6,1716,1962,1962,858,2,1,9247,NAmes,2Story,TA,TA,Y,Attchd,171000
6,1176,1937,2000,698,2,1,6000,BrkSide,1.5Fin,Gd,TA,Y,Detchd,134900
8,3238,1995,1996,2033,3,2,14720,NoRidge,1.5Fin,Gd,Gd,Y,Attchd,410000
7,1865,2000,2000,992,3,2,10316,CollgCr,2Story,Gd,Gd,Y,Attchd,235000
7,1920,1968,1992,570,2,3,10192,NWAmes,SLvl,TA,Gd,Y,Attchd,170000
5,892,1966,1966,864,1,1,9477,NAmes,1Story,TA,TA,Y,Attchd,110000
5,1078,1971,2008,1078,2,1,12537,NAmes,1Story,TA,TA,Y,Attchd,149900
6,1573,2000,2000,756,2,2,2117,Somerst,2Story,Gd,Gd,Y,Detchd,177500
9,1980,2004,2005,1980,3,2,16737,NridgHt,1Story,Gd,Ex,Y,Attchd,315000
5,2601,1921,1998,612,2,3,9842,SWISU,2Story,TA,TA,Y,BuiltIn,189000
7,1530,2005,2005,1530,2,2,16158,StoneBr,1Story,Gd,Gd,Y,Attchd,260000
4,1738,1920,2007,715,1,2,12513,NAmes,1.5Fin,TA,TA,Y,Attchd,104900
6,1412,2006,2007,616,2,2,8499,Gilbert,2Story,TA,Gd,Y,BuiltIn,156932
7,1200,2005,2005,600,2,2,3180,Somerst,2Story,Gd,Gd,Y,Detchd,144152
7,1674,2000,2000,814,2,2,7500,Somerst,2Story,Gd,Gd,Y,Attchd,216000
7,1790,1999,1999,873,2,2,9179,CollgCr,2Story,Gd,Gd,Y,Attchd,193000
5,1475,1977,1977,757,1,2,2665,MeadowV,2Story,TA,TA,Y,Attchd,127000
6,848,2003,2004,848,2,1,4435,CollgCr,1Story,Gd,Gd,Y,Attchd,144000
8,1668,2003,2003,1657,2,2,10635,CollgCr,1Story,Gd,Gd,Y,Attchd,232000
4,1374,1920,1950,840,1,1,5400,OldTown,1.5Fin,Fa,TA,Y,Detchd,105000
6,1661,1955,1996,992,1,1,9600,NAmes,SLvl,TA,Gd,Y,BuiltIn,165500
7,2097,1998,1998,1108,2,2,9750,CollgCr,2Story,TA,Gd,Y,Detchd,274300
10,2633,2001,2002,2633,3,2,11400,NoRidge,1Story,Ex,Ex,Y,Attchd,466500
7,1958,2005,2005,1026,3,2,10625,Somerst,2Story,Gd,Gd,Y,Attchd,250000
8,1571,2007,2007,1571,3,2,10991,Timber,1Story,Gd,Gd,Y,Attchd,239000
6,790,1930,1950,768,1,1,6292,SWISU,1Story,TA,TA,N,Detchd,91000
5,1604,1941,1960,984,2,2,10998,Edwards,1.5Fin,TA,TA,Y,Detchd,117000
6,987,1973,1973,483,1,1,1953,BrDale,2Story,TA,TA,Y,Detchd,83000
5,1394,2006,2007,384,2,2,9735,Timber,SLvl,TA,Gd,Y,BuiltIn,167500
3,864,1914,1950,864,1,1,8212,Edwards,1Story,TA,TA,N,Detchd,58500
6,2117,1970,1970,1205,2,2,12925,NAmes,1Story,TA,TA,Y,Attchd,237500
7,1762,1920,1950,596,2,1,7200,OldTown,2Story,TA,Gd,Y,Detchd,157000
5,1416,1918,2007,816,2,2,25339,Sawyer,1Story,TA,Gd,Y,Attchd,112000
6,1258,1939,1950,560,1,1,9060,Edwards,1.5Fin,TA,TA,Y,Detchd,105000
4,1154,1922,2007,796,1,1,5436,IDOTRR,1.5Fin,TA,Gd,Y,Detchd,125500
7,2784,1978,1978,1392,2,3,16692,NWAmes,2Story,TA,Gd,Y,Attchd,250000
6,2526,1916,1950,714,1,2,8520,OldTown,1.5Fin,TA,Gd,N,Detchd,136000
9,1746,2006,2007,1746,3,2,14892,Gilbert,1Story,Ex,Ex,Y,Attchd,377500
6,1218,1941,1950,735,2,1,6000,BrkSide,1.5Fin,TA,TA,Y,Detchd,131000
7,1525,2000,2000,1525,2,2,9100,CollgCr,1Story,Gd,Gd,Y,Attchd,235000
5,1584,1967,1967,1584,3,2,8944,NAmes,1Story,TA,TA,Y,Detchd,124000
5,900,1967,1967,864,1,1,7838,NAmes,SFoyer,TA,TA,Y,Attchd,123000
6,1912,1905,2000,482,2,2,10800,OldTown,1.5Fin,TA,TA,N,Detchd,163000
7,1500,2006,2006,1356,3,2,4045,Blmngtn,1Story,Gd,Gd,Y,Attchd,246578
8,2482,2005,2006,1094,3,2,12665,Timber,2Story,Gd,Gd,Y,BuiltIn,281213
5,1687,1948,1950,747,2,1,57200,Timber,1Story,TA,TA,Y,Detchd,160000
5,1513,1920,2004,939,1,1,6120,BrkSide,2Story,TA,TA,Y,Detchd,137500
5,1904,1950,1982,1208,1,1,7200,NAmes,1.5Fin,TA,TA,Y,Attchd,138000
6,1608,1925,1990,976,1,2,6171,SWISU,1.5Fin,TA,Gd,Y,Detchd,137450
6,1158,1929,1950,862,1,1,6000,BrkSide,1.5Fin,TA,TA,Y,BuiltIn,120000
6,1593,2004,2004,839,2,2,7415,Gilbert,2Story,TA,TA,Y,Attchd,193000
7,1294,2006,2006,1286,2,2,6762,CollgCr,1Story,Gd,Gd,Y,Attchd,193879
8,1464,2007,2007,1485,3,2,15256,Somerst,1Story,Gd,Gd,Y,Attchd,282922
3,1214,1915,1950,672,3,1,10410,OldTown,1.5Fin,TA,TA,Y,Detchd,105000
8,1646,2004,2005,1594,2,2,3842,Crawfor,1Story,Gd,Gd,Y,Attchd,275000
5,768,1972,2007,768,2,1,8445,CollgCr,SFoyer,TA,TA,Y,Detchd,133000
5,833,1985,1985,833,0,1,8780,Mitchel,1Story,TA,TA,Y,,112000
4,1363,1910,1950,622,2,1,7740,OldTown,2Story,TA,TA,Y,Detchd,125500
7,2093,1986,1991,791,2,2,20544,NWAmes,2Story,TA,TA,Y,Attchd,215000
7,1840,2001,2001,944,2,2,12420,CollgCr,2Story,Gd,Gd,Y,Attchd,230000
6,1668,1950,2005,856,1,1,9600,NAmes,1.5Fin,TA,TA,Y,Attchd,140000
4,1040,1949,1950,0,2,2,7200,NAmes,1Story,TA,TA,N,Detchd,90000
8,1844,2005,2006,1844,2,2,10994,SawyerW,1Story,Gd,Gd,Y,Attchd,257000
6,1848,1923,2000,833,2,1,13053,BrkSide,1.5Fin,TA,Gd,Y,Detchd,207000
7,1569,2007,2007,1386,3,2,3635,Blmngtn,1Story,Gd,Gd,Y,Attchd,175900
4,2290,1885,1950,777,2,2,11340,OldTown,2Story,TA,TA,Y,Detchd,122500
8,2450,1998,1998,1284,3,2,16545,NoRidge,2Story,Gd,Gd,Y,Attchd,340000
5,1144,1963,1963,1144,1,1,9204,NAmes,1Story,TA,TA,Y,Detchd,124000
6,1844,1969,1969,1844,2,2,16381,Crawfor,1Story,Gd,Gd,Y,Attchd,223000
6,1416,1968,1968,708,2,2,11700,NWAmes,2Story,TA,TA,Y,Attchd,179900
6,1069,1977,1977,1069,2,2,4043,NPkVill,1Story,TA,TA,Y,Attchd,127500
6,848,2003,2003,848,2,1,4435,CollgCr,1Story,Gd,Gd,Y,Attchd,136500
6,2201,1966,1966,697,2,2,19690,Edwards,SLvl,Gd,Gd,Y,Attchd,274970
5,1344,1958,1983,1024,1,1,9503,NAmes,1Story,TA,TA,Y,Detchd,144000
6,1252,1959,1959,1252,2,1,10721,NAmes,1Story,Gd,Gd,Y,Detchd,142000
7,2127,1994,1994,1223,2,2,10944,NoRidge,2Story,Gd,Gd,Y,Attchd,271000
5,1558,1945,1950,913,1,1,10930,NAmes,1.5Fin,TA,TA,Y,Attchd,140000
5,804,1940,1992,788,1,1,7200,OldTown,1Story,TA,Gd,Y,Attchd,119000
6,1440,1981,1981,1440,2,2,12546,NWAmes,1Story,Gd,Gd,Y,Attchd,182900
5,1838,2005,2005,732,2,2,21930,Gilbert,2Story,Gd,TA,Y,BuiltIn,192140
6,958,1976,1976,958,2,2,4928,NPkVill,1Story,TA,TA,Y,Attchd,143750
4,968,1927,2007,656,1,2,10800,OldTown,1Story,TA,TA,Y,Detchd,64500
6,1792,2000,2000,936,2,2,10261,Gilbert,2Story,TA,TA,Y,Attchd,186500
5,1126,1977,1977,1126,2,2,17400,Mitchel,1Story,TA,TA,Y,Attchd,160000
6,1537,1962,2005,1319,2,1,8400,NAmes,1Story,Gd,Gd,Y,Attchd,174000
4,864,1971,1971,864,2,1,9000,NAmes,1Story,TA,TA,Y,Detchd,120500
8,1932,2008,2008,1932,3,2,12444,NridgHt,1Story,Ex,Ex,Y,Attchd,394617
6,1236,1957,1996,912,2,1,7407,OldTown,1Story,TA,TA,Y,Attchd,149700
7,1725,1979,1979,539,2,2,11584,NWAmes,SLvl,TA,TA,Y,Attchd,197000
6,2555,1922,1994,588,2,2,11526,Crawfor,2.5Fin,TA,TA,Y,Detchd,191000
6,848,2004,2004,848,2,1,4426,CollgCr,1Story,Gd,Gd,Y,Attchd,149300
10,2007,2008,2008,1017,3,2,11003,Somerst,2Story,Ex,Ex,Y,Attchd,310000
6,952,1916,1950,952,1,1,8854,BrkSide,1.5Unf,TA,Fa,N,Detchd,121000
7,1422,2004,2004,1422,2,2,8500,CollgCr,1Story,Gd,Gd,Y,Attchd,179600
6,913,1966,1966,814,1,1,8400,Sawyer,SFoyer,TA,TA,Y,Detchd,129000
5,1188,1962,1962,1188,1,1,26142,Mitchel,1Story,TA,TA,Y,Attchd,157900
8,2090,1995,1996,1220,2,2,10000,CollgCr,2Story,Gd,Gd,Y,Attchd,240000
4,1346,1910,2000,560,1,1,11767,Edwards,2Story,TA,TA,N,Detchd,112000
5,630,1970,1970,630,0,1,1533,MeadowV,SFoyer,TA,Ex,Y,,92000
5,1792,1974,1974,896,0,2,9000,NAmes,2Story,TA,TA,Y,,136000
8,1578,2008,2009,1573,3,2,9262,Somerst,1Story,Gd,Ex,Y,Attchd,287090
5,1072,2005,2005,547,2,1,3675,Edwards,SLvl,TA,TA,Y,Basment,145000
5,1140,2006,2006,1140,0,1,17217,Mitchel,1Story,TA,TA,Y,,84500
7,1221,2004,2005,1221,2,2,7500,Somerst,1Story,Gd,Gd,Y,Attchd,185000
6,1647,1999,2000,953,2,2,7917,Gilbert,2Story,TA,TA,Y,Attchd,175000
6,2073,1978,1988,1542,2,2,13175,NWAmes,1Story,TA,TA,Y,Attchd,210000
7,2340,1941,2006,1152,1,2,9042,Crawfor,2Story,Ex,Gd,Y,Attchd,266500
5,1078,1950,1996,1078,1,1,9717,NAmes,1Story,TA,Gd,Y,Attchd,142125
5,1256,1965,1965,1256,1,1,9937,Edwards,1Story,Gd,TA,Y,Attchd,147500
